,judgeId,judgeType,userId,problemId,submissionDate,language,status,cpuTime,memory,codeSize,accuracy,judgeDate,score,problemTitle,token
0,5533251,1,mentai8810graund,ITP1_1_B,1622890207553,C++,1,0,3108,94,0/4,1622890207936,0,,
1,5533264,1,mentai8810graund,ITP1_1_B,1622890495659,C++,0,0,0,87,0/4,1622890495873,0,,
2,5533265,1,mentai8810graund,ITP1_1_B,1622890505573,C++,0,0,0,97,0/4,1622890505943,0,,
3,5533266,1,mentai8810graund,ITP1_1_B,1622890522032,C++,0,0,0,92,0/4,1622890522285,0,,
4,5533267,1,mentai8810graund,ITP1_1_B,1622890552722,C++,0,0,0,100,0/4,1622890552846,0,,
5,6159071,1,mentai8810graund,ITP1_1_A,1640607620578,C++,0,0,0,88,0/1,1640607620797,0,,
6,6159074,1,mentai8810graund,ITP1_1_A,1640607666463,C++,4,0,3072,103,1/1,1640607666705,100,,
7,6159083,1,mentai8810graund,ITP1_1_B,1640607773703,C++,4,0,3068,107,4/4,1640607773992,100,,
8,6159095,1,mentai8810graund,ITP1_1_C,1640607865691,C++,4,0,3036,132,2/2,1640607865955,100,,
9,6159105,1,mentai8810graund,ITP1_1_D,1640608154365,C++,1,0,3056,200,0/10,1640608154584,0,,
10,6159117,1,mentai8810graund,ITP1_1_D,1640608452893,Ruby,1,5,6840,69,0/10,1640608453235,0,,
11,6159124,1,mentai8810graund,ITP1_1_D,1640608589435,Ruby,4,4,8876,83,10/10,1640608590262,100,,
12,6159142,1,mentai8810graund,ITP1_1_D,1640609013434,C++,0,0,0,238,0/10,1640609013649,0,,
13,6159144,1,mentai8810graund,ITP1_1_D,1640609037487,C++11,0,0,0,238,0/10,1640609037693,0,,
14,6159169,1,mentai8810graund,ITP1_1_D,1640609436202,C++,0,0,0,271,0/10,1640609436414,0,,
15,6159170,1,mentai8810graund,ITP1_1_D,1640609452088,C++11,1,0,3264,271,0/10,1640609452298,0,,
16,6159171,1,mentai8810graund,ITP1_1_D,1640609529838,C++11,4,0,3492,273,10/10,1640609530331,100,,
17,6159178,1,mentai8810graund,ITP1_2_A,1640609775522,C++11,0,0,0,233,0/4,1640609775672,0,,
18,6159179,1,mentai8810graund,ITP1_2_A,1640609786770,C++11,0,0,0,234,0/4,1640609786986,0,,
19,6159180,1,mentai8810graund,ITP1_2_A,1640609791628,C++11,0,0,0,234,0/4,1640609791797,0,,
20,6159181,1,mentai8810graund,ITP1_2_A,1640609804789,C++11,1,0,3168,236,0/4,1640609805071,0,,
21,6159182,1,mentai8810graund,ITP1_2_A,1640609826834,C++11,1,0,3200,248,0/4,1640609827016,0,,
22,6159186,1,mentai8810graund,ITP1_2_A,1640609866546,C++11,1,0,3364,254,0/4,1640609866737,0,,
23,6159193,1,mentai8810graund,ITP1_2_A,1640610082287,C++11,4,0,3440,266,4/4,1640610082554,100,,
24,6159197,1,mentai8810graund,ITP1_2_B,1640610203227,C++11,0,0,0,176,0/5,1640610203362,0,,
25,6159198,1,mentai8810graund,ITP1_2_B,1640610233153,C++11,4,0,3440,198,5/5,1640610233546,100,,
26,6159209,1,mentai8810graund,ITP1_2_C,1640610600331,C++11,2,199,3244,379,0/5,1640610602576,0,,
27,6159229,1,mentai8810graund,ITP1_2_C,1640611497182,C++11,1,0,3356,554,2/5,1640611497451,40,,
28,6159254,1,mentai8810graund,ITP1_2_C,1640611909727,C++11,1,0,3436,558,2/5,1640611909979,40,,
29,6159273,1,mentai8810graund,ITP1_2_C,1640612407795,C++11,1,0,3204,199,0/5,1640612408035,0,,
30,6159285,1,mentai8810graund,ITP1_2_C,1640612752024,C++11,4,0,3452,226,5/5,1640612752332,100,,
31,6159298,1,mentai8810graund,ITP1_2_D,1640613299132,C++11,1,0,3440,273,2/25,1640613299378,8,,
32,6159314,1,mentai8810graund,ITP1_2_D,1640613607889,C++11,0,0,0,400,0/25,1640613608081,0,,
33,6159317,1,mentai8810graund,ITP1_2_D,1640613635937,C++11,1,0,3440,401,7/25,1640613636329,28,,
34,6159330,1,mentai8810graund,ITP1_2_D,1640613999152,C++11,4,0,3440,367,25/25,1640613999907,100,,
35,6159344,1,mentai8810graund,ITP1_3_A,1640614486261,C++11,1,0,3380,130,0/1,1640614486558,0,,
36,6159346,1,mentai8810graund,ITP1_3_A,1640614498843,C++11,4,0,3048,131,1/1,1640614499103,100,,
37,6159368,1,mentai8810graund,ITP1_3_B,1640614976005,C++11,1,0,3204,245,0/1,1640614976270,0,,
38,6159371,1,mentai8810graund,ITP1_3_B,1640615114400,C++11,1,0,3052,258,0/1,1640615114671,0,,
39,6159373,1,mentai8810graund,ITP1_3_B,1640615148293,C++11,1,0,3440,259,0/1,1640615148546,0,,
40,6159392,1,mentai8810graund,ITP1_3_B,1640615482276,C++11,1,0,3348,259,0/1,1640615482537,0,,
41,6159394,1,mentai8810graund,ITP1_3_B,1640615582118,C++11,1,0,3324,251,0/1,1640615582388,0,,
42,6159396,1,mentai8810graund,ITP1_3_B,1640615639741,C++11,1,0,3340,261,0/1,1640615639995,0,,
43,6159399,1,mentai8810graund,ITP1_3_B,1640615669438,C++11,1,0,3320,259,0/1,1640615669640,0,,
44,6159400,1,mentai8810graund,ITP1_3_B,1640615672240,C++11,1,0,3052,259,0/1,1640615672499,0,,
45,6159401,1,mentai8810graund,ITP1_3_B,1640615674249,C++11,1,0,3364,259,0/1,1640615674446,0,,
46,6159404,1,mentai8810graund,ITP1_3_B,1640615743663,C++11,4,0,3052,233,1/1,1640615743872,100,,
47,6159412,1,mentai8810graund,ITP1_3_C,1640615921442,C++11,1,0,3336,232,0/1,1640615921697,0,,
48,6159416,1,mentai8810graund,ITP1_3_C,1640615981980,C++11,4,0,3288,248,1/1,1640615982184,100,,
49,6159418,1,mentai8810graund,ITP1_3_D,1640616172340,C++11,4,0,3436,204,20/20,1640616172930,100,,
50,6159419,1,mentai8810graund,ITP1_3_D,1640616178588,C++11,4,0,3440,204,20/20,1640616179160,100,,
51,6159433,1,mentai8810graund,ITP1_4_A,1640616774004,C++11,0,0,0,206,0/10,1640616774209,0,,
52,6159434,1,mentai8810graund,ITP1_4_A,1640616782832,C++11,1,0,3564,207,5/10,1640616783177,50,,
53,6159438,1,mentai8810graund,ITP1_4_A,1640616879703,C++11,0,0,0,218,0/10,1640616879860,0,,
54,6159440,1,mentai8810graund,ITP1_4_A,1640616883225,C++11,1,0,3564,219,7/10,1640616883664,70,,
55,6159441,1,mentai8810graund,ITP1_4_A,1640616918368,C++11,1,0,3508,219,7/10,1640616918780,70,,
56,6159447,1,mentai8810graund,ITP1_4_A,1640617344248,C++11,1,0,3524,219,7/10,1640617344594,70,,
57,6159448,1,mentai8810graund,ITP1_4_A,1640617510051,Ruby,4,5,6892,97,10/10,1640617510966,100,,
58,6159601,1,mentai8810graund,ITP1_4_B,1640622346152,C++,0,0,0,133,0/5,1640622346376,0,,
59,6159613,1,mentai8810graund,ITP1_4_B,1640622604495,C++,1,0,3188,155,0/5,1640622604668,0,,
60,6159623,1,mentai8810graund,ITP1_4_B,1640623388945,C++,0,0,0,212,0/5,1640623389168,0,,
61,6159625,1,mentai8810graund,ITP1_4_B,1640623399556,C++11,4,0,3508,212,5/5,1640623399891,100,,
62,6159633,1,mentai8810graund,ITP1_4_C,1640623935701,C++11,0,0,0,470,0/5,1640623935847,0,,
63,6159634,1,mentai8810graund,ITP1_4_C,1640623951572,C++11,4,0,3440,470,5/5,1640623951927,100,,
64,6159895,1,mentai8810graund,ITP1_4_D,1640652134011,C++11,1,0,3212,400,0/20,1640652134259,0,,
65,6159899,1,mentai8810graund,ITP1_4_D,1640652320350,C++11,1,0,3448,404,18/20,1640652321075,90,,
66,6160336,1,mentai8810graund,ITP1_4_D,1640666650348,C++11,4,0,3524,428,20/20,1640666651006,100,,
67,6160339,1,mentai8810graund,ITP1_4_D,1640666737621,C++,4,0,3172,410,20/20,1640666738238,100,,
68,6160404,1,mentai8810graund,ITP1_5_A,1640668611789,C++11,1,0,3336,339,1/4,1640668612024,25,,
69,6160407,1,mentai8810graund,ITP1_5_A,1640668714142,C++11,4,0,3336,331,4/4,1640668714453,100,,
70,6160452,1,mentai8810graund,ITP1_5_B,1640669698007,C++11,4,0,3440,545,2/2,1640669698264,100,,
71,6161484,1,mentai8810graund,ITP1_5_C,1640693776197,C++11,4,0,3440,637,4/4,1640693776494,100,,
72,6161487,1,mentai8810graund,ITP1_5_C,1640693919544,C++,4,0,3076,637,4/4,1640693919865,100,,
73,6161634,1,mentai8810graund,ITP1_5_D,1640696733754,C++,0,0,0,314,0/8,1640696733834,0,,
74,6161650,1,mentai8810graund,ITP1_5_D,1640696850461,C++,0,0,0,409,0/8,1640696850599,0,,
75,6161653,1,mentai8810graund,ITP1_5_D,1640696871721,C++,4,0,3084,410,8/8,1640696872110,100,,
76,6161893,1,mentai8810graund,ITP1_5_D,1640703540604,C++,1,0,3068,400,5/8,1640703540967,50,,
77,6161927,1,mentai8810graund,ITP1_5_D,1640704828436,C++11,1,0,3504,428,7/8,1640704828840,80,,
78,6162381,1,mentai8810graund,ITP1_6_A,1640748130192,C++,8,0,2992,340,0/4,1640748130593,0,,
79,6162382,1,mentai8810graund,ITP1_6_A,1640748362929,C++,4,0,3088,348,4/4,1640748363399,100,,
80,6162623,1,mentai8810graund,ITP1_6_B,1640759088569,C++,1,0,3072,704,0/4,1640759088940,0,,
81,6162624,1,mentai8810graund,ITP1_6_B,1640759103756,C++11,1,0,3344,704,0/4,1640759104330,0,,
82,6162630,1,mentai8810graund,ITP1_6_B,1640759148485,C++,1,0,2988,704,0/4,1640759148872,0,,
83,6162632,1,mentai8810graund,ITP1_6_B,1640759156834,C++17,1,0,3336,704,0/4,1640759157649,0,,
84,6232787,1,mentai8810graund,ITP1_6_B,1642600429387,Ruby,7,0,0,705,0/4,1642600429558,0,,
85,6232791,1,mentai8810graund,ITP1_6_B,1642600460985,Ruby,7,0,0,706,0/4,1642600461150,0,,
86,6232793,1,mentai8810graund,ITP1_6_B,1642600482538,Ruby,7,0,0,708,0/4,1642600482725,0,,
87,6232794,1,mentai8810graund,ITP1_6_B,1642600501360,Ruby,7,0,0,713,0/4,1642600501507,0,,
88,6232991,1,mentai8810graund,ITP1_6_B,1642604602755,Ruby,1,5,6876,720,0/4,1642604602959,0,,
89,6232993,1,mentai8810graund,ITP1_6_B,1642604631150,Ruby,1,5,6876,720,0/4,1642604631345,0,,
90,6233015,1,mentai8810graund,ITP1_6_B,1642605044487,Ruby,4,4,6872,724,4/4,1642605044888,100,,
91,6233045,1,mentai8810graund,ITP1_6_C,1642606918032,C++,8,0,3000,504,0/5,1642606918305,0,,
92,6233047,1,mentai8810graund,ITP1_6_C,1642607018854,C++,8,0,3016,516,0/5,1642607019077,0,,
93,6233050,1,mentai8810graund,ITP1_6_C,1642607098211,C++,8,0,3056,467,0/5,1642607098426,0,,
94,6233053,1,mentai8810graund,ITP1_6_C,1642607220042,C++,4,0,3100,489,5/5,1642607220401,100,,
95,6242665,1,mentai8810graund,ITP1_6_D,1642903090662,C++,7,0,3152,681,11/18,1642903091216,24,,
96,6242666,1,mentai8810graund,ITP1_6_D,1642903115896,C++,7,0,3152,681,11/18,1642903116444,24,,
97,6242667,1,mentai8810graund,ITP1_6_D,1642903170251,C++17,7,0,3432,681,11/18,1642903171050,24,,
98,6244454,1,mentai8810graund,ITP1_6_D,1642940238191,C++17,7,0,3432,681,11/18,1642940239018,24,,
99,6244476,1,mentai8810graund,ITP1_6_D,1642940534300,C++,7,0,3152,693,11/18,1642940534905,24,,
100,6251088,1,mentai8810graund,ITP1_6_D,1643099725689,C++,0,0,0,687,0/18,1643099725947,0,,
101,6251095,1,mentai8810graund,ITP1_6_D,1643099769934,C++,7,0,3212,706,11/18,1643099770543,24,,
102,6251687,1,mentai8810graund,ITP1_6_D,1643110928460,Ruby,4,5,6976,298,18/18,1643110929953,100,,
103,6251688,1,mentai8810graund,ITP1_6_D,1643110962284,Ruby,4,4,6984,298,18/18,1643110963657,100,,
104,6251722,1,mentai8810graund,ITP1_6_D,1643111403514,C++,4,0,3116,638,18/18,1643111403960,100,,
105,6251794,1,mentai8810graund,ITP1_7_A,1643112569435,C++,4,0,3084,653,4/4,1643112569693,100,,
106,6259559,1,mentai8810graund,ITP1_7_B,1643291780122,C++,0,0,0,746,0/4,1643291780377,0,,
107,6259567,1,mentai8810graund,ITP1_7_B,1643291826367,C++17,1,0,3352,746,0/4,1643291826773,0,,
108,6259570,1,mentai8810graund,ITP1_7_B,1643291884471,C++11,1,0,3344,765,0/4,1643291884869,0,,
109,6259582,1,mentai8810graund,ITP1_7_B,1643291967696,C++11,1,0,3380,765,0/4,1643291968066,0,,
110,6259607,1,mentai8810graund,ITP1_7_B,1643292211310,C++11,1,0,3328,768,0/4,1643292211716,0,,
111,6259608,1,mentai8810graund,ITP1_7_B,1643292225107,C++,0,0,0,768,0/4,1643292225418,0,,
112,6259609,1,mentai8810graund,ITP1_7_B,1643292239951,C++11,1,0,3344,768,0/4,1643292240358,0,,
113,6259658,1,mentai8810graund,ITP1_7_B,1643293102601,C++11,4,0,3440,303,4/4,1643293102884,100,,
114,6259685,1,mentai8810graund,ITP1_7_B,1643293417806,Ruby,1,7,6864,203,1/4,1643293418035,25,,
115,6259710,1,mentai8810graund,ITP1_7_B,1643293696171,Ruby,4,16,6872,235,4/4,1643293696725,100,,
116,6264723,1,mentai8810graund,ITP1_7_C,1643446182430,Ruby,8,4,6852,570,0/5,1643446182602,0,,
117,6264727,1,mentai8810graund,ITP1_7_C,1643446196915,Ruby,8,4,6836,570,0/5,1643446197066,0,,
118,6264733,1,mentai8810graund,ITP1_7_C,1643446259362,Ruby,8,4,6880,564,0/5,1643446259522,0,,
119,6264761,1,mentai8810graund,ITP1_7_C,1643446549559,Ruby,4,4,7060,578,5/5,1643446550021,100,,
120,6835228,1,mentai8810graund,ITP1_7_D,1658673627627,C++,0,0,0,597,0/18,1658673627813,0,,
121,6835233,1,mentai8810graund,ITP1_7_D,1658673766556,C++,8,0,3024,630,0/18,1658673766840,0,,
122,6835235,1,mentai8810graund,ITP1_7_D,1658673837451,C++,1,0,3216,629,16/18,1658673837952,68,,
123,6835239,1,mentai8810graund,ITP1_7_D,1658673877557,C++,8,0,2984,629,0/18,1658673877917,0,,
124,6835241,1,mentai8810graund,ITP1_7_D,1658673894423,C++,1,0,3284,629,16/18,1658673895023,68,,
125,6835244,1,mentai8810graund,ITP1_7_D,1658673973222,C++,4,0,3184,654,18/18,1658673973721,100,,
126,6835263,1,mentai8810graund,ITP1_8_A,1658674863721,C++,0,0,0,590,0/4,1658674863813,0,,
127,6835266,1,mentai8810graund,ITP1_8_A,1658675276101,C++,0,0,0,619,0/4,1658675276261,0,,
128,6835270,1,mentai8810graund,ITP1_8_A,1658675578562,C++,0,0,0,571,0/4,1658675578766,0,,
129,6835271,1,mentai8810graund,ITP1_8_A,1658675622282,C++,0,0,0,571,0/4,1658675622457,0,,
130,6835281,1,mentai8810graund,ITP1_8_A,1658676330839,C++,4,0,3152,622,4/4,1658676331200,100,,
131,6835289,1,mentai8810graund,ITP1_8_B,1658676707376,C++,4,0,3132,346,4/4,1658676707664,100,,
132,6835837,1,mentai8810graund,ITP1_8_C,1658724465370,C++,1,0,3004,705,0/4,1658724465622,0,,
133,6836038,1,mentai8810graund,ITP1_8_C,1658730475149,C++,4,0,3156,793,4/4,1658730475517,100,,
134,6836298,1,mentai8810graund,ITP1_8_D,1658742648421,C++,4,0,3200,400,30/30,1658742648949,100,,
135,6836653,1,mentai8810graund,ITP1_9_A,1658756254499,C++,1,0,3164,703,0/4,1658756254840,0,,
136,6836658,1,mentai8810graund,ITP1_9_A,1658756353207,C++,4,0,3176,672,4/4,1658756353538,100,,
137,6836843,1,mentai8810graund,ITP1_9_B,1658761461443,C++,1,0,3160,551,0/4,1658761461812,0,,
138,6856459,1,mentai8810graund,ITP1_1_A,1659504866692,C++,4,0,3092,103,1/1,1659504866902,100,,
139,6856537,1,mentai8810graund,ITP1_9_B,1659505717703,C++,4,0,3200,418,4/4,1659505717967,100,,
140,6857053,1,mentai8810graund,ITP1_9_C,1659517464123,C++,4,0,3200,348,4/4,1659517464320,100,,
141,6904891,1,mentai8810graund,ITP1_9_D,1660982949461,Ruby,4,4,8888,562,16/16,1660982950572,100,,
142,6905070,1,mentai8810graund,ITP1_9_D,1660988030950,C++11,1,0,3348,894,0/16,1660988031203,0,,
143,6905073,1,mentai8810graund,ITP1_9_D,1660988085547,C++11,1,0,3376,889,0/16,1660988085878,0,,
144,6905084,1,mentai8810graund,ITP1_9_D,1660988250795,C++11,7,0,3324,897,2/16,1660988251311,10,,
145,6905096,1,mentai8810graund,ITP1_9_D,1660988410603,C++11,4,0,3444,908,16/16,1660988411190,100,,
146,6905109,1,mentai8810graund,ITP1_10_A,1660988715235,C++11,0,0,0,153,0/8,1660988715467,0,,
147,6905111,1,mentai8810graund,ITP1_10_A,1660988728568,C++11,0,0,0,148,0/8,1660988728799,0,,
148,6905112,1,mentai8810graund,ITP1_10_A,1660988751666,C++11,1,0,3488,148,0/8,1660988751901,0,,
149,6905123,1,mentai8810graund,ITP1_10_A,1660988966641,C++11,1,0,3564,228,0/8,1660988966952,0,,
150,6905131,1,mentai8810graund,ITP1_10_A,1660989234997,C++11,4,0,3564,233,8/8,1660989235410,100,,
151,6905436,1,mentai8810graund,ITP1_10_B,1660995484798,C++11,1,0,3480,331,0/4,1660995485053,0,,
152,6905519,1,mentai8810graund,ITP1_10_B,1660996337621,C++11,1,0,3496,387,1/4,1660996337877,25,,
153,6908198,1,mentai8810graund,ITP1_11_A,1661081905181,C++,0,0,0,1430,0/14,1661081905388,0,,
154,6908199,1,mentai8810graund,ITP1_11_A,1661081921541,C++11,4,0,3444,1430,14/14,1661081922110,100,,
155,7079510,1,mentai8810graund,ITP1_10_B,1667664328354,C++,0,0,0,324,0/4,1667664328533,0,,
156,7079511,1,mentai8810graund,ITP1_10_B,1667664351574,C++,0,0,0,341,0/4,1667664351764,0,,
157,7079512,1,mentai8810graund,ITP1_10_B,1667664365089,C++,4,0,3472,342,4/4,1667664365411,100,,
158,7079587,1,mentai8810graund,ITP1_10_C,1667667320217,C++,7,0,3080,475,2/4,1667667320794,50,,
159,7079588,1,mentai8810graund,ITP1_10_C,1667667337933,C++,7,0,3228,475,2/4,1667667338246,50,,
160,7079589,1,mentai8810graund,ITP1_10_C,1667667343599,C++,7,0,3160,475,2/4,1667667344036,50,,
161,7079590,1,mentai8810graund,ITP1_10_C,1667667406101,C++,7,0,3204,475,2/4,1667667406595,50,,
162,7079592,1,mentai8810graund,ITP1_10_C,1667667506062,C++,7,0,3204,467,2/4,1667667506502,50,,
163,7079594,1,mentai8810graund,ITP1_10_C,1667667799351,C++,4,0,3160,484,4/4,1667667799668,100,,
164,7080990,1,mentai8810graund,ITP1_10_D,1667723616379,C++,4,0,3400,644,14/14,1667723616881,100,,
165,7081621,1,mentai8810graund,ITP1_11_B,1667737741935,C++,0,0,0,1987,0/3,1667737742165,0,,
166,7081623,1,mentai8810graund,ITP1_11_B,1667737765139,C++11,4,0,3384,1987,3/3,1667737765451,100,,
167,7081626,1,mentai8810graund,ITP1_11_A,1667737874742,C++,0,0,0,1948,0/14,1667737874855,0,,
168,7269672,1,mentai8810graund,ITP1_11_C,1672381786692,C++,0,0,0,1550,0/35,1672381786922,0,,
169,7269675,1,mentai8810graund,ITP1_11_C,1672381848941,C++,4,0,3100,1533,35/35,1672381849552,100,,
170,7269731,1,mentai8810graund,ITP1_11_D,1672382580022,C++,4,0,3100,1649,20/20,1672382580577,100,,
171,7270169,1,mentai8810graund,ITP2_1_A,1672387692594,C++,4,15,3896,406,14/14,1672387693495,100,,
172,7270270,1,mentai8810graund,ITP2_1_B,1672388737081,C++,0,0,0,465,0/16,1672388737243,0,,
173,7270278,1,mentai8810graund,ITP2_1_B,1672388780065,C++,0,0,0,483,0/16,1672388780168,0,,
174,7270284,1,mentai8810graund,ITP2_1_B,1672388841565,C++,0,0,0,503,0/16,1672388841766,0,,
175,7270290,1,mentai8810graund,ITP2_1_B,1672388921754,C++,1,0,3012,501,0/16,1672388922000,0,,
176,7275618,1,mentai8810graund,ITP2_1_B,1672495864583,C++,1,0,3052,407,0/16,1672495864919,0,,
177,7275626,1,mentai8810graund,ITP2_1_A,1672495981748,C++,4,16,3912,407,14/14,1672495982670,100,,
178,7275632,1,mentai8810graund,ITP2_1_B,1672496053166,C++,4,20,4648,521,16/16,1672496055196,100,,
179,7275634,1,mentai8810graund,ITP2_1_B,1672496074182,C++,4,21,4560,500,16/16,1672496076097,100,,
180,7278117,1,mentai8810graund,ITP2_1_C,1672577194131,C++,0,0,0,576,0/14,1672577194268,0,,
181,7278118,1,mentai8810graund,ITP2_1_C,1672577204360,C++11,7,0,0,576,0/14,1672577204868,0,,
182,7278119,1,mentai8810graund,ITP2_1_C,1672577285050,C++11,4,43,18752,576,14/14,1672577287520,100,,
183,7278207,1,mentai8810graund,ITP2_1_D,1672578480512,C++,0,0,0,612,0/16,1672578480617,0,,
184,7278210,1,mentai8810graund,ITP2_1_D,1672578505128,C++,4,30,5788,572,16/16,1672578507505,100,,
185,7278246,1,mentai8810graund,ITP2_2_A,1672578992431,C++,7,0,3108,430,1/18,1672578992885,5,,
186,7278264,1,mentai8810graund,ITP2_2_A,1672579146153,C++,7,0,3088,448,2/18,1672579146630,10,,
187,7283708,1,mentai8810graund,ITP2_2_A,1672727903427,C++,7,0,3084,448,2/18,1672727903898,10,,
188,7283831,1,mentai8810graund,ITP2_2_A,1672729069949,Ruby,4,29,9352,269,18/18,1672729073193,100,,
189,7283942,1,mentai8810graund,ITP2_2_A,1672730907026,C++,0,0,0,269,0/18,1672730907160,0,,
190,7283944,1,mentai8810graund,ITP2_2_A,1672730919519,Ruby,4,27,8520,269,18/18,1672730922759,100,,
191,7283949,1,mentai8810graund,ITP2_2_A,1672730958172,C++,7,0,3004,447,2/18,1672730958700,10,,
192,7284409,1,mentai8810graund,ITP2_2_A,1672738051092,C++,4,12,4288,460,18/18,1672738052601,100,,
193,7284451,1,mentai8810graund,ITP2_2_B,1672738597744,C++,1,0,3092,476,1/18,1672738598041,5,,
194,7284517,1,mentai8810graund,ITP2_2_B,1672740006222,C++,4,13,4276,483,18/18,1672740007816,100,,
195,7285432,1,mentai8810graund,ITP2_2_C,1672754062041,C++,4,14,4092,489,25/25,1672754064206,100,,
196,7285639,1,mentai8810graund,ITP2_2_D,1672756264558,C++,4,38,18640,846,16/16,1672756267492,100,,
197,7285703,1,mentai8810graund,ITP2_3_A,1672756766312,C++,4,0,3148,238,20/20,1672756766732,100,,
198,7285849,1,mentai8810graund,ITP2_3_B,1672758589294,C++,4,0,3152,491,14/14,1672758589783,100,,
199,7285876,1,mentai8810graund,ITP2_3_C,1672758862898,C++,4,0,3104,368,14/14,1672758863372,100,,
200,7285927,1,mentai8810graund,ITP2_3_D,1672760214457,C++,4,0,3100,604,30/30,1672760215165,100,,
201,7285951,1,mentai8810graund,ITP2_4_A,1672761379448,C++,4,0,3092,380,12/12,1672761379758,100,,
202,7286025,1,mentai8810graund,ITP2_4_B,1672763068920,C++,4,0,3152,417,12/12,1672763069250,100,,
203,7288501,1,mentai8810graund,ITP2_4_C,1672808501377,C++,4,0,3100,419,10/10,1672808501740,100,,
204,7288627,1,mentai8810graund,ITP2_4_D,1672808858060,C++,4,3,3440,349,20/20,1672808858676,100,,
205,7290030,1,mentai8810graund,ITP2_5_A,1672815521661,C++,2,197,4428,724,13/25,1672815524264,52,,
206,7290048,1,mentai8810graund,ITP2_5_A,1672815673931,C++,0,0,0,322,0/25,1672815674036,0,,
207,7290050,1,mentai8810graund,ITP2_5_A,1672815697496,C++,4,15,3636,318,25/25,1672815699798,100,,
208,7290449,1,mentai8810graund,ITP2_5_B,1672820923170,C++,0,0,0,479,0/25,1672820923391,0,,
209,7290451,1,mentai8810graund,ITP2_5_B,1672820940419,C++11,1,0,3360,479,0/25,1672820940751,0,,
210,7290738,1,mentai8810graund,ITP2_5_B,1672824390876,C++11,4,12,10096,513,25/25,1672824392960,100,,
211,7290867,1,mentai8810graund,ITP2_5_C,1672826608404,C++11,8,0,3332,437,0/40,1672826608732,0,,
212,7291070,1,mentai8810graund,ITP2_5_C,1672832036915,C++11,4,0,3440,459,40/40,1672832038010,100,,
213,7291104,1,mentai8810graund,ITP2_5_D,1672832556611,C++11,4,15,3440,323,9/9,1672832557334,100,,
214,7291196,1,mentai8810graund,ITP2_6_A,1672833819456,C++,4,26,3108,363,20/20,1672833821791,100,,
215,7291220,1,mentai8810graund,ITP2_6_B,1672834201788,C++,1,0,3080,363,0/36,1672834202053,0,,
216,7291224,1,mentai8810graund,ITP2_6_B,1672834434902,C++,4,8,3632,366,36/36,1672834436862,100,,
217,7291332,1,mentai8810graund,ITP2_6_C,1672836391954,C++,4,25,3100,327,20/20,1672836394287,100,,
218,7291378,1,mentai8810graund,ITP2_6_D,1672837091654,C++,4,28,3104,384,20/20,1672837094459,100,,
219,7291499,1,mentai8810graund,ITP2_7_A,1672838770506,C++,0,0,0,365,0/24,1672838770712,0,,
220,7291507,1,mentai8810graund,ITP2_7_A,1672838867454,C++,1,0,3000,371,0/24,1672838867717,0,,
221,7291558,1,mentai8810graund,ITP2_7_A,1672839477481,C++,4,29,12388,373,24/24,1672839482451,100,,
222,7291626,1,mentai8810graund,ITP2_7_B,1672840460993,C++,4,27,12472,428,24/24,1672840465436,100,,
223,7291674,1,mentai8810graund,ITP2_7_C,1672841225833,C++,2,496,7664,549,12/24,1672841235995,51,,
224,7291682,1,mentai8810graund,ITP2_7_C,1672841447330,C++,2,499,7560,533,12/24,1672841457208,51,,
225,7460083,1,mentai8810graund,ITP2_7_C,1676042165365,C++,2,499,7556,553,12/24,1676042175313,51,,
226,7460094,1,mentai8810graund,ITP2_7_C,1676042288261,C++,2,499,7564,553,12/24,1676042298269,51,,
227,7460114,1,mentai8810graund,ITP2_7_C,1676042427944,C++17,2,499,7616,553,12/24,1676042437306,51,,
228,7460168,1,mentai8810graund,ITP2_7_C,1676043031417,C++11,2,499,7904,609,12/24,1676043040821,51,,
229,7460173,1,mentai8810graund,ITP2_7_C,1676043095154,C++11,2,499,7828,598,12/24,1676043105462,51,,
230,7463654,1,mentai8810graund,ITP2_7_C,1676139611856,C++,4,122,12460,659,24/24,1676139623245,100,,
231,7463667,1,mentai8810graund,ITP2_7_D,1676140256774,C++,4,110,12360,664,24/24,1676140269275,100,,
232,7463693,1,mentai8810graund,ITP2_8_A,1676141319537,C++,4,32,27748,309,24/24,1676141324316,100,,
233,7463773,1,mentai8810graund,ITP2_8_B,1676144006424,C++,4,34,27648,336,24/24,1676144010908,100,,
234,7463806,1,mentai8810graund,ITP2_8_C,1676146403006,C++,0,0,0,572,0/24,1676146403278,0,,
235,7463812,1,mentai8810graund,ITP2_8_C,1676146707163,C++,1,0,3044,577,0/24,1676146707592,0,,
236,7463816,1,mentai8810graund,ITP2_8_C,1676147293764,C++,1,0,3128,595,1/24,1676147294120,4,,
237,7464040,1,mentai8810graund,ITP2_8_C,1676160400222,C++,4,77,27820,652,24/24,1676160411434,100,,
238,7464041,1,mentai8810graund,ITP2_8_C,1676160492425,C++,4,78,27708,652,24/24,1676160502222,100,,
239,7464060,1,mentai8810graund,ITP2_8_D,1676161480201,C++11,1,0,3324,781,0/24,1676161480525,0,,
240,7464068,1,mentai8810graund,ITP2_8_D,1676161612925,C++11,4,65,18872,751,24/24,1676161619810,100,,
241,7464110,1,mentai8810graund,ITP2_9_A,1676162537644,C++,0,0,0,450,0/18,1676162537769,0,,
242,7464114,1,mentai8810graund,ITP2_9_A,1676162598165,C++,4,63,40596,448,18/18,1676162602346,100,,
243,7464120,1,mentai8810graund,ITP2_9_B,1676162892699,C++,4,21,23608,455,18/18,1676162894677,100,,
244,7464121,1,mentai8810graund,ITP2_9_C,1676162972542,C++,4,41,31208,454,18/18,1676162975205,100,,
245,7464122,1,mentai8810graund,ITP2_9_D,1676163118589,C++,4,62,40588,463,18/18,1676163122206,100,,
246,7464150,1,mentai8810graund,ITP2_10_A,1676163534139,C++,4,0,3164,234,16/16,1676163534570,100,,
247,7464176,1,mentai8810graund,ITP2_10_B,1676163998423,C++,4,0,3164,252,14/14,1676163998827,100,,
248,7464208,1,mentai8810graund,ITP2_10_C,1676164709495,C++11,1,0,3432,833,0/10,1676164709757,0,,
249,7464221,1,mentai8810graund,ITP2_10_C,1676165046864,C++11,4,13,3436,850,10/10,1676165047565,100,,
250,7464284,1,mentai8810graund,ITP2_10_D,1676167153814,C++11,1,0,3396,1049,1/10,1676167154117,10,,
251,7464396,1,mentai8810graund,ITP2_10_D,1676169805301,C++11,0,0,0,1058,0/10,1676169805472,0,,
252,7464397,1,mentai8810graund,ITP2_10_D,1676169836348,C++11,0,0,0,1058,0/10,1676169836634,0,,
253,7464400,1,mentai8810graund,ITP2_10_D,1676169898321,C++11,4,16,3356,1054,10/10,1676169899133,100,,
254,7464644,1,mentai8810graund,ITP2_11_A,1676176819610,C++,4,19,3140,545,10/10,1676176820372,100,,
255,7464698,1,mentai8810graund,ITP2_11_B,1676178332035,C++,4,20,3148,902,16/16,1676178333449,100,,
256,7465041,1,mentai8810graund,ITP2_11_C,1676183165052,C++,2,299,3104,585,8/14,1676183168397,40,,
257,7465051,1,mentai8810graund,ITP2_11_C,1676183331004,C++,2,299,3092,585,8/14,1676183334400,40,,
258,7570138,1,mentai8810graund,ITP2_11_C,1678884873802,C++,4,41,3152,706,14/14,1678884875267,100,,
259,7570225,1,mentai8810graund,ITP2_11_D,1678887044594,Ruby,1,4,6864,294,0/16,1678887044768,0,,
260,7570524,1,mentai8810graund,ITP2_11_D,1678891694169,C++11,4,5,3432,769,16/16,1678891694995,100,,
261,7570560,1,mentai8810graund,INFO1_01_A,1678892217311,C++11,4,0,3352,66,1/1,1678892217539,100,,
262,7570565,1,mentai8810graund,INFO1_01_B,1678892275286,Ruby,4,4,6844,11,1/1,1678892275519,100,,
263,7570568,1,mentai8810graund,INFO1_01_C,1678892317368,Ruby,4,4,6844,26,1/1,1678892317596,100,,
264,7570574,1,mentai8810graund,INFO1_01_D,1678892380707,Ruby,4,4,6852,6,1/1,1678892380878,100,,
265,7570576,1,mentai8810graund,INFO1_01_E,1678892397158,Ruby,4,4,6840,11,1/1,1678892397334,100,,
266,7570579,1,mentai8810graund,INFO1_02_A,1678892419945,Ruby,4,4,6808,12,1/1,1678892420142,100,,
267,7570650,1,mentai8810graund,INFO1_02_B,1678893715191,Go,4,0,1040,102,1/1,1678893715563,100,,
268,7570657,1,mentai8810graund,INFO1_02_C,1678893835936,Go,4,0,1044,106,1/1,1678893836253,100,,
269,7570661,1,mentai8810graund,INFO1_02_D,1678893989591,Go,4,0,1044,113,1/1,1678893989954,100,,
270,7570802,1,mentai8810graund,INFO1_03_B,1678896471209,C++,0,0,0,116,0/4,1678896471281,0,,
271,7570805,1,mentai8810graund,INFO1_03_B,1678896511527,Go,4,0,1120,116,4/4,1678896511946,100,,
272,7570809,1,mentai8810graund,INFO1_03_C,1678896635501,Go,4,0,1124,142,4/4,1678896635942,100,,
273,7570816,1,mentai8810graund,INFO1_03_A,1678896719015,Go,4,0,1104,84,4/4,1678896719657,100,,
274,7572242,1,mentai8810graund,INFO1_04_A,1678951192739,Go,4,0,1124,107,8/8,1678951193285,100,,
275,7572726,1,mentai8810graund,INFO1_04_B,1678959670804,C++,0,0,0,95,0/8,1678959670931,0,,
276,7572727,1,mentai8810graund,INFO1_04_B,1678959680577,Go,4,0,1176,95,8/8,1678959726062,100,,
277,7572729,1,mentai8810graund,INFO1_04_B,1678959711836,Go,4,0,1124,95,8/8,1678959726866,100,,
278,7572731,1,mentai8810graund,INFO1_04_C,1678959733284,Go,4,0,1120,95,8/8,1678959733784,100,,
279,7572734,1,mentai8810graund,INFO1_04_D,1678959782694,Go,4,0,1156,104,10/10,1678959783326,100,,
280,7572737,1,mentai8810graund,INFO1_04_E,1678959810128,Go,4,0,1156,104,10/10,1678959810705,100,,
281,7572746,1,mentai8810graund,INFO1_04_F,1678960054223,Go,1,0,1108,93,2/8,1678960054632,40,,
282,7572764,1,mentai8810graund,INFO1_04_F,1678960504801,C++,1,0,3472,123,4/8,1678960505015,60,,
283,7572802,1,mentai8810graund,INFO1_04_F,1678960938250,Go,1,0,1132,118,4/8,1678960938712,60,,
284,7572806,1,mentai8810graund,INFO1_04_F,1678960969660,Go,0,0,0,119,0/8,1678960969827,0,,
285,7572809,1,mentai8810graund,INFO1_04_F,1678960989967,Go,0,0,0,116,0/8,1678960990111,0,,
286,7572811,1,mentai8810graund,INFO1_04_F,1678961000667,Go,4,0,1140,101,8/8,1678961001126,100,,
287,7572822,1,mentai8810graund,INFO1_04_G,1678961113332,Go,4,0,1140,113,10/10,1678961113869,100,,
288,7572836,1,mentai8810graund,INFO1_04_H,1678961249010,Go,4,0,1120,143,10/10,1678961249622,100,,
289,7572840,1,mentai8810graund,INFO1_04_I,1678961371407,Go,4,0,1148,111,10/10,1678961372042,100,,
290,7575724,1,mentai8810graund,INFO1_05_A,1679030095762,Go,4,0,1120,103,10/10,1679030096382,100,,
291,7575726,1,mentai8810graund,INFO1_05_B,1679030117105,Go,4,0,1120,106,10/10,1679030117778,100,,
292,7575732,1,mentai8810graund,INFO1_05_C,1679030164626,Go,4,0,1088,102,10/10,1679030165206,100,,
293,7575733,1,mentai8810graund,INFO1_05_D,1679030180605,C++,0,0,0,103,0/10,1679030180751,0,,
294,7575735,1,mentai8810graund,INFO1_05_D,1679030191342,Go,4,0,1152,103,10/10,1679030191999,100,,
295,7575737,1,mentai8810graund,INFO1_05_E,1679030222271,Go,4,0,1120,108,10/10,1679030222900,100,,
296,7575745,1,mentai8810graund,INFO1_06_A,1679030309392,Go,4,0,1100,93,10/10,1679030309899,100,,
297,7575755,1,mentai8810graund,INFO1_06_B,1679030366272,Go,4,0,1120,127,10/10,1679030366809,100,,
298,7575759,1,mentai8810graund,INFO1_06_C,1679030414343,Go,4,0,1120,127,10/10,1679030415013,100,,
299,7575762,1,mentai8810graund,INFO1_06_D,1679030459392,Go,0,0,0,127,0/20,1679030459543,0,,
300,7575763,1,mentai8810graund,INFO1_06_D,1679030467828,Go,4,0,1140,126,20/20,1679030468752,100,,
301,7575768,1,mentai8810graund,INFO1_06_F,1679030524377,Go,4,0,1116,119,10/10,1679030524954,100,,
302,7575773,1,mentai8810graund,INFO1_06_E,1679030637277,Go,1,0,1120,152,8/20,1679030637809,40,,
303,7575786,1,mentai8810graund,INFO1_06_E,1679030819295,Go,4,0,1152,151,20/20,1679030819954,100,,
304,7575788,1,mentai8810graund,INFO1_07_A,1679030877089,Go,1,0,1072,95,0/10,1679030877509,0,,
305,7575792,1,mentai8810graund,INFO1_07_A,1679030904228,Go,0,0,0,112,0/10,1679030904398,0,,
306,7575794,1,mentai8810graund,INFO1_07_A,1679030924498,Go,0,0,0,112,0/10,1679030924677,0,,
307,7575816,1,mentai8810graund,INFO1_07_A,1679031262099,Go,1,0,1132,138,1/10,1679031262418,10,,
308,7575821,1,mentai8810graund,INFO1_07_A,1679031296670,Go,0,0,0,105,0/10,1679031296827,0,,
309,7575822,1,mentai8810graund,INFO1_07_A,1679031305634,Go,1,0,1068,109,0/10,1679031305982,0,,
310,7575824,1,mentai8810graund,INFO1_07_A,1679031321848,Go,4,0,1108,109,10/10,1679031322361,100,,
311,7575827,1,mentai8810graund,INFO1_07_B,1679031417234,Go,0,0,0,133,0/10,1679031417407,0,,
312,7575828,1,mentai8810graund,INFO1_07_B,1679031544709,Go,0,0,0,133,0/10,1679031544913,0,,
313,7575831,1,mentai8810graund,INFO1_07_B,1679031589226,Go,4,0,1168,139,10/10,1679031589772,100,,
314,7575855,1,mentai8810graund,INFO1_07_C,1679031951053,Ruby,4,4,6856,25,10/10,1679031952041,100,,
315,7575864,1,mentai8810graund,INFO1_07_C,1679032010775,Go,4,0,1140,198,10/10,1679032011269,100,,
316,7575905,1,mentai8810graund,INFO1_07_D,1679032804643,Go,1,0,1040,288,0/16,1679032805026,0,,
317,7575908,1,mentai8810graund,INFO1_07_D,1679032822791,Go,4,0,1140,305,16/16,1679032823445,100,,
318,7575914,1,mentai8810graund,INFO1_07_E,1679032945674,Go,1,0,1128,135,0/10,1679032945980,0,,
319,7575915,1,mentai8810graund,INFO1_07_E,1679032971162,Go,4,0,1136,135,10/10,1679032971708,100,,
320,7575918,1,mentai8810graund,INFO1_07_E,1679033013061,Go,1,0,1096,135,0/10,1679033013407,0,,
321,7575920,1,mentai8810graund,INFO1_07_E,1679033044705,Go,4,0,1172,135,10/10,1679033045216,100,,
322,7575945,1,mentai8810graund,INFO1_07_F,1679033755918,Go,4,0,1172,162,20/20,1679033756794,100,,
323,7575954,1,mentai8810graund,INFO1_08_A,1679033959905,Go,0,0,0,130,0/5,1679033960126,0,,
324,7575955,1,mentai8810graund,INFO1_08_A,1679033979894,Go,4,0,1124,130,5/5,1679033980288,100,,
325,7575984,1,mentai8810graund,INFO1_08_B,1679034469557,Go,4,0,1104,120,5/5,1679034470113,100,,
326,7575992,1,mentai8810graund,INFO1_08_C,1679034594709,Go,1,0,1072,160,0/5,1679034595025,0,,
327,7575996,1,mentai8810graund,INFO1_08_C,1679034741490,Go,4,0,1108,148,5/5,1679034741898,100,,
328,7575998,1,mentai8810graund,INFO1_08_D,1679034762178,C++,0,0,0,179,0/5,1679034762255,0,,
329,7576000,1,mentai8810graund,INFO1_08_D,1679034768715,Go,4,0,1132,179,5/5,1679034769092,100,,
330,7576005,1,mentai8810graund,INFO1_08_E,1679034838871,C++,0,0,0,187,0/10,1679034838945,0,,
331,7576006,1,mentai8810graund,INFO1_08_E,1679034844274,Go,4,0,1120,187,10/10,1679034844764,100,,
332,7576024,1,mentai8810graund,INFO1_08_F,1679035233611,Go,4,1,1124,227,10/10,1679035234246,100,,
333,7576037,1,mentai8810graund,INFO1_08_G,1679035481366,Go,4,0,1124,258,10/10,1679035481796,100,,
334,7576060,1,mentai8810graund,INFO1_08_H,1679035776689,Go,4,0,1104,256,10/10,1679035777279,100,,
335,7576482,1,mentai8810graund,INFO1_09_A,1679043196225,Go,4,0,1124,216,20/20,1679043197108,100,,
336,7576496,1,mentai8810graund,INFO1_09_B,1679043673772,Go,0,0,0,229,0/10,1679043673990,0,,
337,7576497,1,mentai8810graund,INFO1_09_B,1679043686058,Go,1,0,1128,230,0/10,1679043686427,0,,
338,7576501,1,mentai8810graund,INFO1_09_B,1679043727085,Go,4,0,1164,231,10/10,1679043727612,100,,
339,7576544,1,mentai8810graund,INFO1_09_C,1679044485008,Go,4,0,1156,231,10/10,1679044485554,100,,
340,7576550,1,mentai8810graund,INFO1_09_D,1679044729329,Go,0,0,0,279,0/10,1679044729542,0,,
341,7576551,1,mentai8810graund,INFO1_09_D,1679044752147,Go,4,0,1168,281,10/10,1679044752721,100,,
342,7576594,1,mentai8810graund,INFO1_09_E,1679045605757,Go,7,0,1100,497,1/10,1679045606129,10,,
343,7576615,1,mentai8810graund,INFO1_09_E,1679046281111,Go,7,0,1096,497,1/10,1679046281445,10,,
344,7576619,1,mentai8810graund,INFO1_09_E,1679046353730,Go,7,0,1096,499,1/10,1679046354055,10,,
345,7576634,1,mentai8810graund,INFO1_09_E,1679046556485,Go,7,0,1092,495,1/10,1679046556838,10,,
346,7576647,1,mentai8810graund,INFO1_09_E,1679046725620,Go,4,0,1180,497,10/10,1679046726061,100,,
347,7577869,1,mentai8810graund,INFO1_09_F,1679068162518,C++11,4,9,8124,239,10/10,1679068163226,100,,
348,7577917,1,mentai8810graund,INFO1_09_F,1679069206386,Go,1,0,1116,268,4/10,1679069206834,40,,
349,7577918,1,mentai8810graund,INFO1_09_F,1679069228980,Go,4,85,6364,269,10/10,1679069231758,100,,
350,7578018,1,mentai8810graund,ALDS1_1_A,1679070976034,C++11,1,0,3316,408,0/5,1679070976232,0,,
351,7578024,1,mentai8810graund,ALDS1_1_A,1679071079969,C++11,1,0,3352,409,0/5,1679071080179,0,,
352,7578025,1,mentai8810graund,ALDS1_1_A,1679071138623,C++11,1,0,3328,409,0/5,1679071138887,0,,
353,7578031,1,mentai8810graund,ALDS1_1_A,1679071402890,C++11,4,0,3336,482,5/5,1679071403207,100,,
354,7578066,1,mentai8810graund,ALDS1_1_B,1679072814480,C++11,4,0,3432,287,10/10,1679072814880,100,,
355,7578109,1,mentai8810graund,ALDS1_1_C,1679074213505,C++11,1,0,3168,386,0/4,1679074213765,0,,
356,7578118,1,mentai8810graund,ALDS1_1_C,1679074671039,C++11,1,0,3124,385,0/4,1679074671282,0,,
357,7578123,1,mentai8810graund,ALDS1_1_C,1679075152595,C++11,1,0,3428,412,1/4,1679075152875,5,,
358,7579939,1,mentai8810graund,ALDS1_1_C,1679139727975,C++11,4,1,3352,431,4/4,1679139728252,100,,
359,7580464,1,mentai8810graund,ALDS1_1_D,1679148961827,C++,2,199,3640,359,35/40,1679148964547,50,,
360,7582774,1,mentai8810graund,ALDS1_1_D,1679217746627,C++,4,5,3620,438,40/40,1679217747593,100,,
361,7582835,1,mentai8810graund,ALDS1_2_A,1679218726828,C++,4,0,3092,548,10/10,1679218727161,100,,
362,7582879,1,mentai8810graund,ALDS1_2_B,1679219497880,C++,4,0,3088,549,10/10,1679219498266,100,,
363,7588502,1,mentai8810graund,ALDS1_2_C,1679372891867,C++,1,0,3200,1046,0/10,1679372892204,0,,
364,7588517,1,mentai8810graund,ALDS1_2_C,1679373090040,C++11,1,0,3368,1046,0/10,1679373090333,0,,
365,7588553,1,mentai8810graund,ALDS1_2_C,1679373790880,C++11,4,0,3376,1232,10/10,1679373791392,100,,
366,7591728,1,mentai8810graund,ALDS1_3_A,1679416342689,C++,1,0,3160,830,2/10,1679416343023,20,,
367,7591851,1,mentai8810graund,ALDS1_3_A,1679420270187,C++11,4,0,3440,1055,10/10,1679420270762,100,,
