,id,epoch_second,problem_id,contest_id,user_id,language,point,length,result,execution_time
0,21048667,1616214586,APG4b_a,APG4b,aozorarb,Ruby (2.7.1),0.0,105,RE,58.0
1,21048676,1616214603,APG4b_a,APG4b,aozorarb,C++ (GCC 9.2.1),100.0,105,AC,10.0
2,21051352,1616222042,APG4b_cv,APG4b,aozorarb,C++ (GCC 9.2.1),0.0,125,WA,6.0
3,21051370,1616222095,APG4b_cv,APG4b,aozorarb,C++ (GCC 9.2.1),100.0,132,AC,10.0
4,21051577,1616222561,APG4b_cu,APG4b,aozorarb,C++ (GCC 9.2.1),0.0,133,CE,
5,21051596,1616222605,APG4b_cu,APG4b,aozorarb,C++ (GCC 9.2.1),100.0,136,AC,5.0
6,21051696,1616222848,APG4b_ct,APG4b,aozorarb,C++ (GCC 9.2.1),0.0,93,CE,
7,21051705,1616222880,APG4b_ct,APG4b,aozorarb,C++ (GCC 9.2.1),0.0,106,CE,
8,21051776,1616223087,APG4b_ct,APG4b,aozorarb,C++ (GCC 9.2.1),100.0,113,AC,10.0
9,21051883,1616223365,APG4b_cs,APG4b,aozorarb,C++ (GCC 9.2.1),100.0,312,AC,6.0
10,21052015,1616223659,APG4b_cr,APG4b,aozorarb,C++ (GCC 9.2.1),0.0,122,WA,7.0
11,21052057,1616223734,APG4b_cr,APG4b,aozorarb,C++ (GCC 9.2.1),0.0,123,WA,4.0
12,21052087,1616223822,APG4b_cr,APG4b,aozorarb,C++ (GCC 9.2.1),100.0,125,AC,7.0
13,21052140,1616223942,abc084_a,abc084,aozorarb,Ruby (2.7.1),0.0,16,RE,65.0
14,21052151,1616223977,abc084_a,abc084,aozorarb,Ruby (2.7.1),0.0,17,RE,64.0
15,21052197,1616224059,abc084_a,abc084,aozorarb,Ruby (2.7.1),0.0,27,RE,57.0
16,21052285,1616224240,abc084_a,abc084,aozorarb,C (GCC 9.2.1),0.0,47,CE,
17,21052302,1616224261,abc084_a,abc084,aozorarb,C (GCC 9.2.1),0.0,64,CE,
18,21052316,1616224296,abc084_a,abc084,aozorarb,C (GCC 9.2.1),0.0,63,CE,
19,21052334,1616224333,abc084_a,abc084,aozorarb,C (GCC 9.2.1),0.0,65,CE,
20,21052426,1616224594,abc084_a,abc084,aozorarb,Ruby (2.7.1),0.0,26,RE,65.0
21,21052444,1616224657,abc084_a,abc084,aozorarb,Ruby (2.7.1),0.0,26,RE,64.0
22,21052544,1616224862,abc084_a,abc084,aozorarb,C++ (GCC 9.2.1),0.0,86,CE,
23,21052551,1616224871,abc084_a,abc084,aozorarb,C++ (GCC 9.2.1),0.0,90,CE,
24,21052562,1616224902,abc084_a,abc084,aozorarb,C++ (GCC 9.2.1),0.0,92,CE,
25,21052585,1616224961,abc084_a,abc084,aozorarb,C++ (GCC 9.2.1),0.0,97,CE,
26,21052603,1616224993,abc084_a,abc084,aozorarb,C++ (GCC 9.2.1),100.0,107,AC,6.0
27,21052923,1616225685,abc076_a,abc076,aozorarb,C++ (GCC 9.2.1),0.0,195,CE,
28,21052929,1616225697,abc076_a,abc076,aozorarb,C++ (GCC 9.2.1),0.0,196,CE,
29,21058876,1616240022,abc001_1,abc001,aozorarb,Ruby (2.7.1),0.0,34,RE,61.0
30,21058960,1616240145,abc001_1,abc001,aozorarb,Ruby (2.7.1),0.0,34,RE,66.0
31,21059156,1616240467,abc001_1,abc001,aozorarb,Ruby (2.7.1),0.0,44,WA,64.0
32,21059171,1616240500,abc001_1,abc001,aozorarb,Ruby (2.7.1),100.0,44,AC,68.0
33,21059686,1616241322,abc001_2,abc001,aozorarb,Ruby (2.7.1),0.0,336,RE,64.0
34,21059717,1616241376,abc001_2,abc001,aozorarb,Ruby (2.7.1),0.0,346,RE,66.0
35,21059752,1616241426,abc001_2,abc001,aozorarb,Ruby (2.7.1),0.0,348,RE,63.0
36,21059795,1616241524,abc001_2,abc001,aozorarb,Ruby (2.7.1),0.0,315,RE,66.0
37,21064837,1616241767,abc001_2,abc001,aozorarb,Ruby (2.7.1),0.0,318,RE,67.0
38,21070041,1616241950,abc001_2,abc001,aozorarb,Ruby (2.7.1),0.0,16,WA,67.0
39,21070200,1616241957,abc001_2,abc001,aozorarb,Ruby (2.7.1),0.0,13,WA,65.0
40,21074273,1616242223,abc001_2,abc001,aozorarb,Ruby (2.7.1),0.0,64,WA,63.0
41,21141162,1616327086,arc115_a,arc115,aozorarb,Ruby (2.7.1),0.0,61,RE,68.0
42,21144104,1616328508,past202010_a,past202010-open,aozorarb,Ruby (2.7.1),0.0,53,WA,62.0
43,21144683,1616328818,past202010_a,past202010-open,aozorarb,Ruby (2.7.1),0.0,87,WA,59.0
44,21144783,1616328879,past202010_a,past202010-open,aozorarb,Ruby (2.7.1),0.0,95,WA,62.0
45,21145599,1616329342,past202010_a,past202010-open,aozorarb,Ruby (2.7.1),0.0,211,WA,63.0
46,21146542,1616329898,past202010_a,past202010-open,aozorarb,Ruby (2.7.1),0.0,229,RE,69.0
47,21146659,1616329958,past202010_a,past202010-open,aozorarb,Ruby (2.7.1),0.0,248,RE,63.0
48,21146766,1616330019,past202010_a,past202010-open,aozorarb,Ruby (2.7.1),0.0,228,RE,64.0
49,21146892,1616330102,past202010_a,past202010-open,aozorarb,Ruby (2.7.1),0.0,232,RE,62.0
50,21147021,1616330165,past202010_a,past202010-open,aozorarb,Python (3.8.2),9.0,203,AC,26.0
51,21156150,1616342569,past202010_b,past202010-open,aozorarb,Ruby (2.7.1),0.0,98,RE,72.0
52,21156177,1616342666,past202010_b,past202010-open,aozorarb,Ruby (2.7.1),0.0,81,RE,67.0
53,21156239,1616342869,past202010_a,past202010-open,aozorarb,Ruby (2.7.1),0.0,102,RE,66.0
54,21156245,1616342892,past202010_b,past202010-open,aozorarb,Ruby (2.7.1),0.0,100,RE,67.0
55,21156329,1616343170,past202010_b,past202010-open,aozorarb,Ruby (2.7.1),0.0,113,WA,62.0
56,21156365,1616343354,past202010_b,past202010-open,aozorarb,Ruby (2.7.1),0.0,113,WA,70.0
57,21156520,1616343819,past202010_b,past202010-open,aozorarb,Ruby (2.7.1),0.0,113,WA,66.0
58,21177284,1616418868,abc086_a,abc086,aozorarb,Ruby (2.7.1),0.0,131,RE,64.0
59,21177327,1616418933,abc086_a,abc086,aozorarb,Ruby (2.7.1),0.0,124,RE,64.0
60,21177373,1616419009,abc086_a,abc086,aozorarb,Ruby (2.7.1),0.0,126,RE,63.0
61,21177432,1616419106,abc086_a,abc086,aozorarb,Ruby (2.7.1),100.0,123,AC,63.0
62,21177522,1616419249,abc086_a,abc086,aozorarb,Ruby (2.7.1),100.0,130,AC,61.0
63,21181168,1616426028,abc086_b,abc086,aozorarb,Ruby (2.7.1),0.0,139,RE,66.0
64,21181351,1616426375,abc086_b,abc086,aozorarb,Ruby (2.7.1),0.0,137,WA,63.0
65,21181470,1616426694,abc086_b,abc086,aozorarb,Ruby (2.7.1),0.0,179,WA,91.0
66,21181489,1616426745,abc086_b,abc086,aozorarb,Ruby (2.7.1),0.0,175,WA,91.0
67,21181677,1616427201,abc086_b,abc086,aozorarb,Ruby (2.7.1),0.0,181,RE,63.0
68,21181721,1616427296,abc086_b,abc086,aozorarb,Ruby (2.7.1),0.0,155,WA,91.0
69,21181782,1616427464,abc086_b,abc086,aozorarb,Ruby (2.7.1),0.0,154,WA,92.0
70,21181860,1616427663,abc086_b,abc086,aozorarb,Ruby (2.7.1),0.0,162,RE,58.0
71,21181932,1616427839,abc086_b,abc086,aozorarb,Ruby (2.7.1),0.0,120,RE,65.0
72,21181995,1616427981,abc086_b,abc086,aozorarb,Ruby (2.7.1),0.0,123,RE,67.0
73,21182003,1616428017,abc086_b,abc086,aozorarb,Ruby (2.7.1),0.0,114,WA,92.0
74,21182139,1616428443,abc086_b,abc086,aozorarb,Ruby (2.7.1),200.0,171,AC,63.0
75,21238395,1616651506,abc131_c,abc131,aozorarb,Ruby (2.7.1),0.0,141,RE,64.0
76,21241166,1616660155,abc131_c,abc131,aozorarb,Ruby (2.7.1),0.0,162,WA,2206.0
77,21241229,1616660310,abc131_c,abc131,aozorarb,Ruby (2.7.1),0.0,135,RE,68.0
78,21241297,1616660508,abc131_c,abc131,aozorarb,Ruby (2.7.1),0.0,155,RE,65.0
79,21241565,1616661272,abc145_a,abc145,aozorarb,Ruby (2.7.1),100.0,59,AC,70.0
80,21245243,1616672721,APG4b_ct,APG4b,aozorarb,C++ (GCC 9.2.1),0.0,88,CE,
81,21245256,1616672751,APG4b_ct,APG4b,aozorarb,C++ (GCC 9.2.1),0.0,89,WA,8.0
82,21245272,1616672805,APG4b_ct,APG4b,aozorarb,C++ (GCC 9.2.1),100.0,91,AC,6.0
83,21245289,1616672848,APG4b_a,APG4b,aozorarb,Ruby (2.7.1),0.0,19,WA,58.0
84,21245306,1616672897,APG4b_a,APG4b,aozorarb,Ruby (2.7.1),100.0,20,AC,67.0
85,21245430,1616673250,APG4b_cq,APG4b,aozorarb,C++ (GCC 9.2.1),0.0,111,WA,8.0
86,21245575,1616673696,APG4b_cq,APG4b,aozorarb,C++ (GCC 9.2.1),0.0,572,RE,114.0
87,21245666,1616673865,APG4b_cq,APG4b,aozorarb,C++ (GCC 9.2.1),0.0,595,CE,
88,21245673,1616673880,APG4b_cq,APG4b,aozorarb,C++ (GCC 9.2.1),0.0,596,RE,116.0
89,21245804,1616674179,APG4b_cq,APG4b,aozorarb,C++ (GCC 9.2.1),0.0,679,RE,112.0
90,21245869,1616674326,APG4b_cq,APG4b,aozorarb,C++ (GCC 9.2.1),0.0,464,CE,
91,21245887,1616674363,APG4b_cq,APG4b,aozorarb,C++ (GCC 9.2.1),0.0,422,WA,8.0
92,21245934,1616674435,APG4b_cq,APG4b,aozorarb,C++ (GCC 9.2.1),100.0,460,AC,6.0
93,21246059,1616674743,abc086_a,abc086,aozorarb,C++ (GCC 9.2.1),0.0,173,CE,
94,21246080,1616674773,abc086_a,abc086,aozorarb,C++ (GCC 9.2.1),0.0,193,CE,
95,21246098,1616674811,abc086_a,abc086,aozorarb,C++ (GCC 9.2.1),100.0,210,AC,5.0
96,21246294,1616675271,abc088_a,abc088,aozorarb,C++ (GCC 9.2.1),100.0,193,AC,5.0
97,21246410,1616675565,abc083_a,abc083,aozorarb,C++ (GCC 9.2.1),0.0,260,CE,
98,21246415,1616675573,abc083_a,abc083,aozorarb,C++ (GCC 9.2.1),0.0,265,CE,
99,21246428,1616675601,abc083_a,abc083,aozorarb,C++ (GCC 9.2.1),0.0,285,CE,
100,21246435,1616675627,abc083_a,abc083,aozorarb,C++ (GCC 9.2.1),100.0,286,AC,3.0
101,21246547,1616675862,abc080_a,abc080,aozorarb,C++ (GCC 9.2.1),0.0,198,WA,9.0
102,21246628,1616675993,abc080_a,abc080,aozorarb,C++ (GCC 9.2.1),100.0,198,AC,3.0
103,21246872,1616676521,APG4b_cp,APG4b,aozorarb,C++ (GCC 9.2.1),100.0,684,AC,7.0
104,21247020,1616676791,APG4b_co,APG4b,aozorarb,C++ (GCC 9.2.1),0.0,363,CE,
105,21247060,1616676876,APG4b_co,APG4b,aozorarb,C++ (GCC 9.2.1),0.0,361,WA,8.0
106,21247212,1616677196,APG4b_co,APG4b,aozorarb,C++ (GCC 9.2.1),0.0,293,CE,
107,21247229,1616677232,APG4b_co,APG4b,aozorarb,C++ (GCC 9.2.1),0.0,296,WA,8.0
108,21247267,1616677306,APG4b_co,APG4b,aozorarb,C++ (GCC 9.2.1),100.0,312,AC,6.0
109,21247540,1616677931,APG4b_cn,APG4b,aozorarb,C++ (GCC 9.2.1),0.0,278,CE,
110,21247543,1616677938,APG4b_cn,APG4b,aozorarb,C++ (GCC 9.2.1),0.0,279,WA,8.0
111,21247551,1616677971,APG4b_cn,APG4b,aozorarb,C++ (GCC 9.2.1),0.0,295,WA,7.0
112,21247578,1616678075,APG4b_cn,APG4b,aozorarb,C++ (GCC 9.2.1),100.0,297,AC,10.0
113,21247904,1616678865,APG4b_cm,APG4b,aozorarb,C++ (GCC 9.2.1),0.0,342,CE,
114,21247922,1616678896,APG4b_cm,APG4b,aozorarb,C++ (GCC 9.2.1),0.0,343,WA,7.0
115,21247938,1616678926,APG4b_cm,APG4b,aozorarb,C++ (GCC 9.2.1),100.0,343,AC,6.0
116,21382089,1617007758,arc116_a,arc116,aozorarb,C++ (GCC 9.2.1),0.0,342,CE,
117,21382141,1617007891,arc116_a,arc116,aozorarb,C++ (GCC 9.2.1),0.0,348,CE,
118,21382156,1617007922,arc116_a,arc116,aozorarb,C++ (GCC 9.2.1),0.0,351,CE,
119,21382166,1617007951,arc116_a,arc116,aozorarb,C++ (GCC 9.2.1),0.0,351,CE,
120,21382204,1617008045,arc116_a,arc116,aozorarb,C++ (GCC 9.2.1),0.0,366,CE,
121,21382226,1617008107,arc116_a,arc116,aozorarb,C++ (GCC 9.2.1),0.0,367,CE,
122,21382245,1617008158,arc116_a,arc116,aozorarb,C++ (GCC 9.2.1),0.0,405,WA,2205.0
123,21382293,1617008281,arc116_a,arc116,aozorarb,C++ (GCC 9.2.1),0.0,415,WA,2205.0
124,21382326,1617008362,arc116_a,arc116,aozorarb,C++ (GCC 9.2.1),0.0,439,WA,2205.0
125,21382373,1617008520,arc116_a,arc116,aozorarb,C++ (GCC 9.2.1),0.0,439,WA,2205.0
126,21382685,1617009579,APG4b_cl,APG4b,aozorarb,C++ (GCC 9.2.1),0.0,553,CE,
127,21382726,1617009714,APG4b_cl,APG4b,aozorarb,C++ (GCC 9.2.1),0.0,544,CE,
128,21382744,1617009779,APG4b_cl,APG4b,aozorarb,C++ (GCC 9.2.1),0.0,533,CE,
129,21382761,1617009841,APG4b_cl,APG4b,aozorarb,C++ (GCC 9.2.1),0.0,540,CE,
130,21382776,1617009895,APG4b_cl,APG4b,aozorarb,C++ (GCC 9.2.1),0.0,551,WA,6.0
131,21383079,1617010978,APG4b_cl,APG4b,aozorarb,C++ (GCC 9.2.1),0.0,497,WA,8.0
132,21383100,1617011031,APG4b_a,APG4b,aozorarb,C++ (GCC 9.2.1),0.0,553,WA,6.0
133,21383109,1617011058,APG4b_cl,APG4b,aozorarb,C++ (GCC 9.2.1),0.0,497,WA,6.0
134,21383278,1617011599,APG4b_cl,APG4b,aozorarb,C++ (GCC 9.2.1),0.0,471,WA,7.0
135,21383339,1617011788,APG4b_cl,APG4b,aozorarb,C++ (GCC 9.2.1),100.0,525,AC,6.0
136,21383606,1617012611,abc089_b,abc089,aozorarb,C++ (GCC 9.2.1),0.0,487,CE,
137,21383619,1617012646,abc089_b,abc089,aozorarb,C++ (GCC 9.2.1),0.0,487,WA,4.0
138,21385150,1617017538,abc089_b,abc089,aozorarb,Ruby (2.7.1),0.0,130,RE,61.0
139,21385156,1617017547,abc089_b,abc089,aozorarb,Ruby (2.7.1),0.0,139,RE,65.0
140,21385176,1617017598,abc089_b,abc089,aozorarb,Ruby (2.7.1),0.0,144,WA,62.0
141,21385182,1617017616,abc089_b,abc089,aozorarb,Ruby (2.7.1),0.0,144,WA,65.0
142,21385803,1617019131,APG4b_ck,APG4b,aozorarb,C++ (GCC 9.2.1),0.0,201,WA,7.0
143,21386250,1617020109,APG4b_ck,APG4b,aozorarb,C++ (GCC 9.2.1),0.0,366,CE,
144,21386267,1617020156,APG4b_ck,APG4b,aozorarb,C++ (GCC 9.2.1),0.0,366,CE,
145,21386277,1617020180,APG4b_ck,APG4b,aozorarb,C++ (GCC 9.2.1),0.0,365,CE,
146,21386297,1617020223,APG4b_ck,APG4b,aozorarb,C++ (GCC 9.2.1),0.0,366,WA,10.0
147,21386472,1617020617,APG4b_ck,APG4b,aozorarb,C++ (GCC 9.2.1),100.0,285,AC,8.0
148,21486863,1617468796,abc101_a,abc101,aozorarb,C++ (GCC 9.2.1),0.0,223,CE,
149,21486867,1617468829,abc101_a,abc101,aozorarb,C++ (GCC 9.2.1),0.0,224,CE,
150,21486888,1617468971,abc101_a,abc101,aozorarb,C++ (GCC 9.2.1),0.0,240,CE,
151,21486896,1617469004,abc101_a,abc101,aozorarb,C++ (GCC 9.2.1),0.0,238,WA,7.0
152,21486942,1617469231,abc101_a,abc101,aozorarb,Ruby (2.7.1),0.0,27,RE,64.0
153,21487107,1617470456,abc101_a,abc101,aozorarb,Ruby (2.7.1),0.0,128,WA,63.0
154,21487113,1617470538,abc101_a,abc101,aozorarb,Ruby (2.7.1),100.0,130,AC,63.0
155,21490691,1617503660,abc101_b,abc101,aozorarb,Ruby (2.7.1),0.0,113,RE,63.0
156,21490818,1617504185,abc101_b,abc101,aozorarb,Ruby (2.7.1),200.0,136,AC,65.0
157,21491026,1617504980,practice_1,abs,aozorarb,Ruby (2.7.1),100.0,97,AC,61.0
158,21491189,1617505754,abc086_a,abs,aozorarb,Ruby (2.7.1),100.0,99,AC,64.0
159,21491374,1617506554,abc081_a,abs,aozorarb,Ruby (2.7.1),0.0,58,RE,64.0
160,21491380,1617506569,abc081_a,abs,aozorarb,Ruby (2.7.1),0.0,53,WA,61.0
161,21491412,1617506679,abc081_a,abs,aozorarb,Ruby (2.7.1),0.0,53,WA,61.0
162,21491421,1617506739,abc081_a,abs,aozorarb,Ruby (2.7.1),0.0,56,RE,63.0
163,21491450,1617506859,abc081_a,abs,aozorarb,Ruby (2.7.1),0.0,61,WA,64.0
164,21491475,1617506939,abc081_a,abs,aozorarb,Ruby (2.7.1),100.0,56,AC,62.0
165,21492252,1617510069,APG4b_cj,APG4b,aozorarb,C++ (GCC 9.2.1),0.0,276,CE,
166,21492263,1617510121,APG4b_cj,APG4b,aozorarb,C++ (GCC 9.2.1),100.0,276,AC,6.0
167,21492280,1617510190,APG4b_cj,APG4b,aozorarb,C++ (GCC 9.2.1),100.0,276,AC,8.0
168,21492314,1617510309,APG4b_cj,APG4b,aozorarb,C++ (GCC 9.2.1),100.0,280,AC,7.0
169,21556813,1617806989,APG4b_cj,APG4b,aozorarb,C++ (GCC 9.2.1),0.0,276,WA,8.0
170,21556990,1617807523,APG4b_cj,APG4b,aozorarb,C++ (GCC 9.2.1),100.0,281,AC,7.0
171,21557428,1617808887,APG4b_ci,APG4b,aozorarb,C++ (GCC 9.2.1),0.0,232,CE,
172,21557485,1617809103,APG4b_ci,APG4b,aozorarb,C++ (GCC 9.2.1),100.0,243,AC,10.0
173,21558080,1617812118,APG4b_ch,APG4b,aozorarb,C++ (GCC 9.2.1),0.0,1580,CE,
174,21558094,1617812188,APG4b_ch,APG4b,aozorarb,C++ (GCC 9.2.1),0.0,1590,CE,
175,21558111,1617812290,APG4b_ch,APG4b,aozorarb,C++ (GCC 9.2.1),0.0,1592,CE,
176,21558146,1617812501,APG4b_ch,APG4b,aozorarb,C++ (GCC 9.2.1),0.0,1595,WA,9.0
177,21603267,1618044047,APG4b_ch,APG4b,aozorarb,C++ (GCC 9.2.1),100.0,1595,AC,4.0
178,21605583,1618051816,APG4b_ch,APG4b,aozorarb,C++ (GCC 9.2.1),0.0,1663,CE,
179,21605665,1618052082,APG4b_ch,APG4b,aozorarb,C++ (GCC 9.2.1),100.0,1528,AC,11.0
180,21610730,1618059609,APG4b_cg,APG4b,aozorarb,C++ (GCC 9.2.1),0.0,821,CE,
181,21611034,1618059924,APG4b_cg,APG4b,aozorarb,C++ (GCC 9.2.1),0.0,818,CE,
182,21611095,1618059986,APG4b_cg,APG4b,aozorarb,C++ (GCC 9.2.1),0.0,813,RE,122.0
183,21611254,1618060144,APG4b_cg,APG4b,aozorarb,C++ (GCC 9.2.1),0.0,754,CE,
184,21611333,1618060212,APG4b_cg,APG4b,aozorarb,C++ (GCC 9.2.1),0.0,752,CE,
185,21611488,1618060357,APG4b_cg,APG4b,aozorarb,C++ (GCC 9.2.1),100.0,743,AC,9.0
186,21618257,1618072920,APG4b_cf,APG4b,aozorarb,C++ (GCC 9.2.1),0.0,588,RE,114.0
187,21618264,1618072947,APG4b_cf,APG4b,aozorarb,C++ (GCC 9.2.1),0.0,588,WA,7.0
188,21618274,1618072998,APG4b_cf,APG4b,aozorarb,C++ (GCC 9.2.1),0.0,590,WA,3.0
189,21618327,1618073312,APG4b_cf,APG4b,aozorarb,C++ (GCC 9.2.1),0.0,594,WA,8.0
190,21618368,1618073586,APG4b_cf,APG4b,aozorarb,C++ (GCC 9.2.1),100.0,665,AC,6.0
191,21627258,1618125291,APG4b_ce,APG4b,aozorarb,C++ (GCC 9.2.1),0.0,649,CE,
192,21627360,1618125594,APG4b_ce,APG4b,aozorarb,C++ (GCC 9.2.1),0.0,494,CE,
193,21627477,1618125932,APG4b_ce,APG4b,aozorarb,C++ (GCC 9.2.1),0.0,649,CE,
194,21627517,1618126028,APG4b_ce,APG4b,aozorarb,C++ (GCC 9.2.1),100.0,844,AC,9.0
195,21665417,1618144613,abc198_b,abc198,aozorarb,C++ (GCC 9.2.1),0.0,327,CE,
196,21671267,1618145299,abc198_b,abc198,aozorarb,Ruby (2.7.1),0.0,200,WA,64.0
197,21671889,1618145376,abc198_b,abc198,aozorarb,Ruby (2.7.1),0.0,202,WA,61.0
198,21677605,1618146179,abc198_b,abc198,aozorarb,Ruby (2.7.1),0.0,87,RE,69.0
199,21680058,1618146563,abc198_b,abc198,aozorarb,Ruby (2.7.1),0.0,77,WA,62.0
200,21689081,1618148124,abc198_a,abc198,aozorarb,Ruby (2.7.1),100.0,25,AC,63.0
201,21737315,1618315291,abc081_b,abs,aozorarb,C++ (GCC 9.2.1),0.0,398,WA,6.0
202,21737350,1618315351,abc081_b,abs,aozorarb,C++ (GCC 9.2.1),0.0,394,WA,8.0
203,21867965,1618751439,arc117_a,arc117,aozorarb,C++ (GCC 9.2.1),0.0,471,CE,
204,21867996,1618751464,arc117_a,arc117,aozorarb,C++ (GCC 9.2.1),0.0,471,CE,
205,21868049,1618751502,arc117_a,arc117,aozorarb,C++ (GCC 9.2.1),0.0,471,CE,
206,21868088,1618751527,arc117_a,arc117,aozorarb,C++ (GCC 9.2.1),0.0,461,RE,153.0
207,21911418,1618923462,abc064_a,abc064,aozorarb,C++ (GCC 9.2.1),0.0,219,CE,
208,21911461,1618923543,abc064_a,abc064,aozorarb,C++ (GCC 9.2.1),0.0,219,CE,
209,21911493,1618923596,abc064_a,abc064,aozorarb,C++ (GCC 9.2.1),100.0,220,AC,5.0
210,21911684,1618923947,abc088_a,abc088,aozorarb,C++ (GCC 9.2.1),100.0,203,AC,5.0
211,21911775,1618924136,abc157_a,abc157,aozorarb,C++ (GCC 9.2.1),0.0,88,CE,
212,21911855,1618924268,abc157_a,abc157,aozorarb,C++ (GCC 9.2.1),0.0,179,WA,3.0
213,21912095,1618924665,abc157_a,abc157,aozorarb,C++ (GCC 9.2.1),100.0,174,AC,9.0
214,21912294,1618925000,abc081_a,abc081,aozorarb,C++ (GCC 9.2.1),0.0,210,WA,10.0
215,21912386,1618925136,abc081_a,abc081,aozorarb,C++ (GCC 9.2.1),0.0,210,CE,
216,21912427,1618925201,abc081_a,abc081,aozorarb,C++ (GCC 9.2.1),100.0,211,AC,6.0
217,21912686,1618925583,abc095_a,abc095,aozorarb,C++ (GCC 9.2.1),0.0,195,WA,9.0
218,21912709,1618925621,abc095_a,abc095,aozorarb,C++ (GCC 9.2.1),100.0,195,AC,9.0
219,21912833,1618925837,abc085_a,abc085,aozorarb,C++ (GCC 9.2.1),0.0,180,CE,
220,21912846,1618925855,abc085_a,abc085,aozorarb,C++ (GCC 9.2.1),0.0,181,WA,4.0
221,21912861,1618925877,abc085_a,abc085,aozorarb,C++ (GCC 9.2.1),0.0,183,WA,3.0
222,21912887,1618925916,abc085_a,abc085,aozorarb,C++ (GCC 9.2.1),0.0,183,WA,7.0
223,21912912,1618925949,abc085_a,abc085,aozorarb,C++ (GCC 9.2.1),100.0,183,AC,8.0
224,21913211,1618926424,abc069_b,abc069,aozorarb,Ruby (2.7.1),0.0,89,RE,65.0
225,21913245,1618926473,abc069_b,abc069,aozorarb,Ruby (2.7.1),0.0,86,RE,67.0
226,21913304,1618926560,abc069_b,abc069,aozorarb,Ruby (2.7.1),0.0,71,RE,67.0
227,21913452,1618926788,abc069_b,abc069,aozorarb,C++ (GCC 9.2.1),0.0,205,CE,
228,21913467,1618926815,abc069_b,abc069,aozorarb,C++ (GCC 9.2.1),0.0,203,WA,8.0
229,21913661,1618927164,abc069_b,abc069,aozorarb,C++ (GCC 9.2.1),200.0,214,AC,7.0
230,21952056,1619095601,abc081_b,abc081,aozorarb,C++ (GCC 9.2.1),0.0,297,TLE,2205.0
231,21952090,1619095697,abc081_b,abc081,aozorarb,C++ (GCC 9.2.1),0.0,344,CE,
232,21952097,1619095716,abc081_b,abc081,aozorarb,C++ (GCC 9.2.1),0.0,341,WA,6.0
233,21952110,1619095758,abc081_b,abc081,aozorarb,C++ (GCC 9.2.1),0.0,351,CE,
234,21952116,1619095777,abc081_b,abc081,aozorarb,C++ (GCC 9.2.1),0.0,354,WA,6.0
235,21952136,1619095815,abc081_b,abc081,aozorarb,C++ (GCC 9.2.1),0.0,357,WA,7.0
236,21971757,1619185149,abc081_b,abc081,aozorarb,C++ (GCC 9.2.1),200.0,380,AC,8.0
237,21972271,1619186549,abc068_b,abc068,aozorarb,C++ (GCC 9.2.1),0.0,356,CE,
238,21972293,1619186614,abc068_b,abc068,aozorarb,C++ (GCC 9.2.1),0.0,356,WA,7.0
239,21972460,1619187068,abc068_b,abc068,aozorarb,C++ (GCC 9.2.1),0.0,355,WA,10.0
240,21972892,1619188335,abc068_b,abc068,aozorarb,C++ (GCC 9.2.1),0.0,388,WA,4.0
241,21973664,1619191580,abc087_b,abc087,aozorarb,C++ (GCC 9.2.1),0.0,287,WA,2205.0
242,21973741,1619191938,abc087_b,abc087,aozorarb,C++ (GCC 9.2.1),0.0,352,WA,2205.0
243,21973865,1619192569,abc087_b,abc087,aozorarb,C++ (GCC 9.2.1),0.0,348,WA,2205.0
244,21973900,1619192790,abc087_b,abc087,aozorarb,C++ (GCC 9.2.1),200.0,439,AC,5.0
245,21973931,1619192992,abc087_b,abc087,aozorarb,C++ (GCC 9.2.1),0.0,347,CE,
246,21973953,1619193045,abc087_b,abc087,aozorarb,C++ (GCC 9.2.1),0.0,286,TLE,2205.0
247,21973961,1619193139,abc087_b,abc087,aozorarb,C++ (GCC 9.2.1),0.0,312,TLE,2205.0
248,21973976,1619193261,abc087_b,abc087,aozorarb,C++ (GCC 9.2.1),0.0,307,TLE,2205.0
249,21974058,1619193722,abc087_b,abc087,aozorarb,C++ (GCC 9.2.1),0.0,324,TLE,2205.0
250,21974098,1619193941,abc087_b,abc087,aozorarb,C++ (GCC 9.2.1),200.0,311,AC,7.0
251,21974412,1619195777,abc100_a,abc100,aozorarb,C++ (GCC 9.2.1),0.0,141,WA,5.0
252,21974419,1619195866,abc100_a,abc100,aozorarb,C++ (GCC 9.2.1),0.0,149,WA,10.0
253,21974425,1619195909,abc100_a,abc100,aozorarb,C++ (GCC 9.2.1),0.0,147,WA,9.0
254,21974446,1619196023,abc100_a,abc100,aozorarb,C++ (GCC 9.2.1),0.0,160,WA,9.0
255,21974462,1619196114,abc100_a,abc100,aozorarb,C++ (GCC 9.2.1),0.0,158,WA,6.0
256,21974474,1619196178,abc100_a,abc100,aozorarb,C++ (GCC 9.2.1),100.0,158,AC,8.0
257,22012888,1619267165,abc199_a,abc199,aozorarb,C++ (GCC 9.2.1),0.0,190,WA,7.0
258,22013120,1619267200,abc199_a,abc199,aozorarb,C++ (GCC 9.2.1),100.0,190,AC,6.0
259,22020827,1619268526,abc199_b,abc199,aozorarb,C++ (GCC 9.2.1),0.0,345,CE,
260,22022071,1619268762,abc199_b,abc199,aozorarb,C++ (GCC 9.2.1),0.0,341,CE,
261,22022333,1619268810,abc199_b,abc199,aozorarb,C++ (GCC 9.2.1),0.0,346,CE,
262,22022529,1619268849,abc199_b,abc199,aozorarb,C++ (GCC 9.2.1),0.0,354,CE,
263,22022722,1619268888,abc199_b,abc199,aozorarb,C++ (GCC 9.2.1),0.0,354,CE,
264,22023418,1619269026,abc199_b,abc199,aozorarb,C++ (GCC 9.2.1),0.0,353,WA,7.0
265,22026832,1619269760,abc199_b,abc199,aozorarb,C++ (GCC 9.2.1),0.0,365,CE,
266,22026953,1619269785,abc199_b,abc199,aozorarb,C++ (GCC 9.2.1),0.0,366,WA,7.0
267,22027565,1619269920,abc199_b,abc199,aozorarb,C++ (GCC 9.2.1),200.0,367,AC,7.0
268,22035604,1619271592,abc199_c,abc199,aozorarb,C++ (GCC 9.2.1),0.0,650,CE,
269,22036035,1619271678,abc199_c,abc199,aozorarb,C++ (GCC 9.2.1),0.0,655,CE,
270,22036275,1619271799,abc199_c,abc199,aozorarb,C++ (GCC 9.2.1),0.0,658,WA,169.0
271,22037302,1619272416,abc199_c,abc199,aozorarb,C++ (GCC 9.2.1),0.0,658,WA,179.0
272,22037354,1619272450,abc199_c,abc199,aozorarb,C++ (GCC 9.2.1),0.0,660,WA,177.0
273,22095295,1619442886,panasonic2020_a,panasonic2020,aozorarb,Ruby (2.7.1),0.0,135,RE,61.0
274,22095331,1619442958,panasonic2020_a,panasonic2020,aozorarb,Ruby (2.7.1),0.0,135,WA,61.0
275,22095343,1619442980,panasonic2020_a,panasonic2020,aozorarb,Ruby (2.7.1),100.0,137,AC,62.0
276,22218347,1619873577,zone2021_a,zone2021,aozorarb,C++ (GCC 9.2.1),0.0,413,CE,
277,22218550,1619873616,zone2021_a,zone2021,aozorarb,C++ (GCC 9.2.1),0.0,414,CE,
278,22218723,1619873652,zone2021_a,zone2021,aozorarb,C++ (GCC 9.2.1),0.0,415,WA,11.0
279,22218932,1619873691,zone2021_a,zone2021,aozorarb,C++ (GCC 9.2.1),100.0,421,AC,7.0
280,22236718,1619877495,APG4b_cb,APG4b,aozorarb,C++ (GCC 9.2.1),0.0,1428,TLE,2205.0
281,22236960,1619877638,APG4b_cb,APG4b,aozorarb,C++ (GCC 9.2.1),100.0,1426,AC,63.0
282,22237486,1619878017,APG4b_cv,APG4b,aozorarb,Python (3.8.2),0.0,40,RE,19.0
283,22237515,1619878043,APG4b_cv,APG4b,aozorarb,Python (3.8.2),100.0,42,AC,17.0
284,22238091,1619878510,APG4b_cu,APG4b,aozorarb,Python (3.8.2),100.0,46,AC,22.0
285,22238291,1619878675,APG4b_ct,APG4b,aozorarb,Python (3.8.2),0.0,21,WA,27.0
286,22238316,1619878703,APG4b_ct,APG4b,aozorarb,Python (3.8.2),0.0,20,WA,28.0
287,22238358,1619878742,APG4b_ct,APG4b,aozorarb,Python (3.8.2),100.0,13,AC,20.0
288,22238710,1619879060,APG4b_cs,APG4b,aozorarb,Python (3.8.2),100.0,93,AC,22.0
289,22238968,1619879311,APG4b_cr,APG4b,aozorarb,Python (3.8.2),0.0,46,RE,19.0
290,22239053,1619879391,APG4b_cr,APG4b,aozorarb,Python (3.8.2),100.0,42,AC,26.0
291,22239310,1619879698,APG4b_cq,APG4b,aozorarb,Python (3.8.2),0.0,97,RE,30.0
292,22239331,1619879722,APG4b_cq,APG4b,aozorarb,Python (3.8.2),0.0,93,RE,26.0
293,22239429,1619879809,APG4b_cq,APG4b,aozorarb,Python (3.8.2),0.0,95,RE,25.0
294,22239672,1619880101,APG4b_cq,APG4b,aozorarb,Python (3.8.2),0.0,106,RE,27.0
295,22290637,1620059199,abc079_b,abc079,aozorarb,C++ (GCC 9.2.1),0.0,242,CE,
296,22290646,1620059234,abc079_b,abc079,aozorarb,C++ (GCC 9.2.1),0.0,243,TLE,2205.0
297,22290689,1620059414,abc079_b,abc079,aozorarb,C++ (GCC 9.2.1),0.0,253,TLE,2205.0
298,22290757,1620059737,abc079_b,abc079,aozorarb,C++ (GCC 9.2.1),0.0,255,CE,
299,22290791,1620059873,abc079_b,abc079,aozorarb,C++ (GCC 9.2.1),0.0,221,CE,
300,22290807,1620059950,abc079_b,abc079,aozorarb,C++ (GCC 9.2.1),0.0,255,CE,
301,22290813,1620059977,abc079_b,abc079,aozorarb,C++ (GCC 9.2.1),0.0,253,WA,6.0
302,22290831,1620060039,abc079_b,abc079,aozorarb,C++ (GCC 9.2.1),0.0,251,WA,7.0
303,22290844,1620060096,abc079_b,abc079,aozorarb,C++ (GCC 9.2.1),0.0,261,WA,6.0
304,22307361,1620130236,abc079_b,abc079,aozorarb,C++ (GCC 9.2.1),0.0,273,CE,
305,22307376,1620130268,abc079_b,abc079,aozorarb,C++ (GCC 9.2.1),0.0,274,CE,
306,22307388,1620130294,abc079_b,abc079,aozorarb,C++ (GCC 9.2.1),0.0,273,CE,
307,22307406,1620130333,abc079_b,abc079,aozorarb,C++ (GCC 9.2.1),0.0,271,CE,
308,22307407,1620130345,abc079_b,abc079,aozorarb,C++ (GCC 9.2.1),0.0,272,CE,
309,22307444,1620130438,abc079_b,abc079,aozorarb,C++ (GCC 9.2.1),0.0,268,CE,
310,22307558,1620130709,abc079_b,abc079,aozorarb,C++ (GCC 9.2.1),0.0,232,CE,
311,22307567,1620130736,abc079_b,abc079,aozorarb,C++ (GCC 9.2.1),0.0,233,CE,
312,22307574,1620130758,abc079_b,abc079,aozorarb,C++ (GCC 9.2.1),0.0,239,RE,118.0
313,22308341,1620132558,abc079_b,abc079,aozorarb,C++ (GCC 9.2.1),0.0,300,CE,
314,22308361,1620132631,abc079_b,abc079,aozorarb,C++ (GCC 9.2.1),0.0,329,CE,
315,22308380,1620132676,abc079_b,abc079,aozorarb,C++ (GCC 9.2.1),0.0,333,CE,
316,22308414,1620132739,abc079_b,abc079,aozorarb,C++ (GCC 9.2.1),200.0,350,AC,4.0
317,22308872,1620133721,abc079_a,abc079,aozorarb,Ruby (2.7.1),100.0,134,AC,60.0
318,22421035,1620477587,abc200_a,abc200,aozorarb,Ruby (2.7.1),100.0,101,AC,60.0
319,22430557,1620479795,abc200_b,abc200,aozorarb,Ruby (2.7.1),200.0,170,AC,60.0
320,22536948,1620810624,ahc002_a,ahc002,aozorarb,Ruby (2.7.1),0.0,7,RE,67.0
321,22537019,1620810931,ahc002_a,ahc002,aozorarb,Ruby (2.7.1),0.0,9,WA,65.0
322,22537863,1620814111,abc087_b,abs,aozorarb,Ruby (2.7.1),0.0,246,WA,70.0
323,22537880,1620814144,abc087_b,abs,aozorarb,Ruby (2.7.1),0.0,249,WA,68.0
324,22616535,1621081790,abc201_a,abc201,aozorarb,C++ (GCC 9.2.1),0.0,519,CE,
325,22616762,1621081834,abc201_a,abc201,aozorarb,C++ (GCC 9.2.1),0.0,519,WA,7.0
326,22622967,1621083175,abc201_a,abc201,aozorarb,C++ (GCC 9.2.1),100.0,254,AC,7.0
327,22635276,1621085978,abc201_b,abc201,aozorarb,Ruby (2.7.1),0.0,140,WA,65.0
328,22635556,1621085997,abc201_b,abc201,aozorarb,Ruby (2.7.1),0.0,135,WA,63.0
329,22815007,1621686364,abc202_a,abc202,aozorarb,Ruby (2.7.1),100.0,272,AC,62.0
330,22820141,1621687256,abc202_b,abc202,aozorarb,Ruby (2.7.1),200.0,174,AC,81.0
331,22825807,1621688493,abc202_c,abc202,aozorarb,Ruby (2.7.1),0.0,304,WA,2206.0
332,22827833,1621689015,abc202_c,abc202,aozorarb,Ruby (2.7.1),0.0,335,WA,2207.0
333,23045756,1622376464,abc203_a,abc203,aozorarb,Ruby (2.7.1),0.0,148,WA,60.0
334,23046792,1622376529,abc203_a,abc203,aozorarb,Ruby (2.7.1),100.0,135,AC,60.0
335,23057199,1622378017,abc203_b,abc203,aozorarb,Ruby (2.7.1),0.0,163,WA,61.0
336,23062231,1622379212,abc203_b,abc203,aozorarb,Ruby (2.7.1),200.0,255,AC,62.0
337,23151179,1622720284,APG4b_a,APG4b,aozorarb,C++ (GCC 9.2.1),100.0,105,AC,6.0
338,23151592,1622721621,APG4b_cv,APG4b,aozorarb,C++ (GCC 9.2.1),100.0,140,AC,6.0
339,23151608,1622721652,APG4b_a,APG4b,aozorarb,C++ (GCC 9.2.1),0.0,140,WA,6.0
340,23155942,1622733265,APG4b_cu,APG4b,aozorarb,C++ (GCC 9.2.1),100.0,161,AC,6.0
341,23155994,1622733475,APG4b_ct,APG4b,aozorarb,C++ (GCC 9.2.1),100.0,117,AC,11.0
342,23156088,1622733746,APG4b_cs,APG4b,aozorarb,C++ (GCC 9.2.1),100.0,230,AC,8.0
343,23156181,1622734055,APG4b_cr,APG4b,aozorarb,C++ (GCC 9.2.1),100.0,139,AC,7.0
344,23168721,1622806522,abc084_a,abc084,aozorarb,C++ (GCC 9.2.1),100.0,124,AC,6.0
345,23168772,1622806677,abc076_a,abc076,aozorarb,C++ (GCC 9.2.1),0.0,111,WA,8.0
346,23168787,1622806716,abc076_a,abc076,aozorarb,C++ (GCC 9.2.1),0.0,130,WA,6.0
347,23168793,1622806738,abc076_a,abc076,aozorarb,C++ (GCC 9.2.1),0.0,130,WA,12.0
348,23168812,1622806813,abc076_a,abc076,aozorarb,C++ (GCC 9.2.1),100.0,133,AC,7.0
349,23168871,1622807018,abc074_a,abc074,aozorarb,C++ (GCC 9.2.1),100.0,158,AC,6.0
350,23169050,1622807565,abc082_a,abc082,aozorarb,C++ (GCC 9.2.1),0.0,156,WA,9.0
351,23169058,1622807585,abc082_a,abc082,aozorarb,C++ (GCC 9.2.1),0.0,151,WA,6.0
352,23169141,1622807803,abc082_a,abc082,aozorarb,C++ (GCC 9.2.1),100.0,154,AC,8.0
353,23169244,1622808100,abc081_a,abc081,aozorarb,C++ (GCC 9.2.1),0.0,172,WA,9.0
354,23169274,1622808159,abc081_a,abc081,aozorarb,C++ (GCC 9.2.1),0.0,172,WA,6.0
355,23169291,1622808212,abc081_a,abc081,aozorarb,C++ (GCC 9.2.1),100.0,186,AC,10.0
356,23169438,1622808597,APG4b_cq,APG4b,aozorarb,C++ (GCC 9.2.1),0.0,345,WA,10.0
357,23169452,1622808630,APG4b_cq,APG4b,aozorarb,C++ (GCC 9.2.1),100.0,349,AC,9.0
358,23169573,1622808982,abc088_a,abc088,aozorarb,C++ (GCC 9.2.1),100.0,162,AC,6.0
359,23169980,1622810286,abc086_a,abc086,aozorarb,C++ (GCC 9.2.1),100.0,203,AC,5.0
360,23170086,1622810638,abc083_a,abc083,aozorarb,C++ (GCC 9.2.1),0.0,280,WA,5.0
361,23170118,1622810706,abc083_a,abc083,aozorarb,C++ (GCC 9.2.1),100.0,280,AC,8.0
362,23170154,1622810819,abc080_a,abc080,aozorarb,C++ (GCC 9.2.1),100.0,141,AC,6.0
363,23170232,1622811045,abc079_a,abc079,aozorarb,C++ (GCC 9.2.1),0.0,240,WA,6.0
364,23170355,1622811409,abc079_a,abc079,aozorarb,C++ (GCC 9.2.1),100.0,256,AC,9.0
365,23170490,1622811801,APG4b_cp,APG4b,aozorarb,C++ (GCC 9.2.1),100.0,694,AC,6.0
366,23171807,1622815378,APG4b_co,APG4b,aozorarb,C++ (GCC 9.2.1),100.0,317,AC,11.0
367,23171891,1622815613,APG4b_cn,APG4b,aozorarb,C++ (GCC 9.2.1),0.0,336,WA,10.0
368,23171908,1622815678,APG4b_cn,APG4b,aozorarb,C++ (GCC 9.2.1),100.0,336,AC,7.0
369,23172097,1622816156,APG4b_cm,APG4b,aozorarb,C++ (GCC 9.2.1),100.0,265,AC,6.0
370,23191853,1622903481,APG4b_cl,APG4b,aozorarb,C++ (GCC 9.2.1),0.0,685,CE,
371,23192094,1622904132,APG4b_cl,APG4b,aozorarb,C++ (GCC 9.2.1),0.0,807,CE,
372,23192161,1622904293,APG4b_cl,APG4b,aozorarb,C++ (GCC 9.2.1),0.0,808,WA,8.0
373,23192194,1622904389,APG4b_cl,APG4b,aozorarb,C++ (GCC 9.2.1),0.0,856,WA,7.0
374,23192294,1622904606,APG4b_cl,APG4b,aozorarb,C++ (GCC 9.2.1),100.0,866,AC,5.0
375,23193295,1622908122,abc089_b,abc089,aozorarb,C++ (GCC 9.2.1),200.0,265,AC,10.0
376,23193416,1622908499,abc073_b,abc073,aozorarb,C++ (GCC 9.2.1),0.0,207,WA,5.0
377,23193577,1622909143,abc073_b,abc073,aozorarb,C++ (GCC 9.2.1),0.0,228,WA,7.0
378,23193623,1622909283,abc073_b,abc073,aozorarb,C++ (GCC 9.2.1),200.0,230,AC,7.0
379,23193669,1622909479,abc080_b,abc080,aozorarb,C++ (GCC 9.2.1),0.0,227,CE,
380,23200464,1622954464,abc080_b,abc080,aozorarb,Ruby (2.7.1),200.0,137,AC,65.0
381,23201298,1622957342,abc080_b,abc080,aozorarb,C++ (GCC 9.2.1),0.0,243,RE,147.0
382,23201355,1622957535,abc080_b,abc080,aozorarb,C++ (GCC 9.2.1),0.0,248,RE,115.0
383,23225916,1622981429,abc204_a,abc204,aozorarb,C++ (GCC 9.2.1),0.0,302,CE,
384,23226284,1622981460,abc204_a,abc204,aozorarb,Ruby (2.7.1),0.0,302,RE,64.0
385,23226744,1622981496,abc204_a,abc204,aozorarb,Ruby (2.7.1),0.0,300,RE,63.0
386,23231501,1622982040,abc204_a,abc204,aozorarb,Ruby (2.7.1),100.0,104,AC,62.0
387,23233368,1622982325,abc204_b,abc204,aozorarb,Ruby (2.7.1),200.0,171,AC,67.0
388,23297234,1623157224,abc076_b,abc076,aozorarb,C++ (GCC 9.2.1),200.0,211,AC,6.0
389,23324072,1623307190,abc074_b,abc074,aozorarb,C++ (GCC 9.2.1),200.0,270,AC,5.0
390,23349683,1623423471,abc090_b,abc090,aozorarb,Ruby (2.7.1),200.0,211,AC,95.0
391,23367183,1623501061,abc090_b,abc090,aozorarb,C++ (GCC 9.2.1),0.0,423,WA,27.0
392,23367244,1623501101,abc090_b,abc090,aozorarb,C++ (GCC 9.2.1),200.0,424,AC,27.0
393,23368329,1623501825,abc081_b,abc081,aozorarb,C++ (GCC 9.2.1),200.0,334,AC,3.0
394,23375191,1623506278,APG4b_ck,APG4b,aozorarb,Ruby (2.7.1),0.0,264,RE,61.0
395,23375401,1623506358,APG4b_ck,APG4b,aozorarb,C++ (GCC 9.2.1),0.0,264,WA,2.0
396,23377316,1623508459,APG4b_ck,APG4b,aozorarb,C++ (GCC 9.2.1),100.0,431,AC,9.0
397,23378160,1623510058,abc049_a,abc049,aozorarb,C++ (GCC 9.2.1),0.0,295,CE,
398,23378191,1623510116,abc049_a,abc049,aozorarb,C++ (GCC 9.2.1),100.0,222,AC,7.0
399,23378420,1623510623,abc048_a,abc048,aozorarb,C++ (GCC 9.2.1),100.0,157,AC,8.0
400,23378468,1623510774,abc050_a,abc050,aozorarb,C++ (GCC 9.2.1),0.0,248,WA,3.0
401,23378597,1623511112,abc050_a,abc050,aozorarb,C++ (GCC 9.2.1),0.0,183,WA,9.0
402,23378633,1623511199,abc050_a,abc050,aozorarb,C++ (GCC 9.2.1),100.0,188,AC,6.0
403,23378664,1623511272,abc041_a,abc041,aozorarb,C++ (GCC 9.2.1),0.0,148,RE,145.0
404,23378688,1623511314,abc041_a,abc041,aozorarb,C++ (GCC 9.2.1),100.0,150,AC,9.0
405,23378890,1623511880,abc038_a,abc038,aozorarb,C++ (GCC 9.2.1),100.0,160,AC,15.0
406,23378913,1623511934,abc029_a,abc029,aozorarb,C++ (GCC 9.2.1),100.0,128,AC,6.0
407,23378966,1623512067,abc015_1,abc015,aozorarb,C++ (GCC 9.2.1),100.0,217,AC,9.0
408,23379029,1623512322,abc010_1,abc010,aozorarb,C++ (GCC 9.2.1),100.0,129,AC,6.0
409,23405485,1623585869,abc205_a,abc205,aozorarb,C++ (GCC 9.2.1),100.0,156,AC,6.0
410,23428180,1623587457,abc205_b,abc205,aozorarb,Ruby (2.7.1),200.0,183,AC,61.0
411,23469833,1623654587,APG4b_cj,APG4b,aozorarb,C++ (GCC 9.2.1),100.0,331,AC,8.0
412,23531343,1623931744,abc062_b,abc062,aozorarb,C++ (GCC 9.2.1),200.0,346,AC,7.0
413,23580765,1624104408,abc206_a,abc206,aozorarb,Ruby (2.7.1),100.0,154,AC,61.0
414,23585553,1624104618,abc206_b,abc206,aozorarb,Ruby (2.7.1),200.0,121,AC,61.0
415,23594399,1624105272,abc206_c,abc206,aozorarb,Ruby (2.7.1),0.0,344,TLE,2207.0
416,23647366,1624193301,abc139_b,abc139,aozorarb,Ruby (2.7.1),0.0,149,WA,63.0
417,23647394,1624193367,abc139_b,abc139,aozorarb,Ruby (2.7.1),0.0,150,WA,63.0
418,23647782,1624194360,abc139_b,abc139,aozorarb,Ruby (2.7.1),0.0,181,WA,63.0
419,23647932,1624194769,abc139_b,abc139,aozorarb,Ruby (2.7.1),200.0,198,AC,64.0
420,23647950,1624194808,abc139_b,abc139,aozorarb,Ruby (2.7.1),0.0,63,WA,63.0
421,23647961,1624194833,abc139_b,abc139,aozorarb,Ruby (2.7.1),0.0,63,WA,64.0
422,23696433,1624436313,abc061_b,abc061,aozorarb,Ruby (2.7.1),200.0,182,AC,61.0
423,23696506,1624436535,abc061_b,abc061,aozorarb,Ruby (2.7.1),0.0,307,RE,66.0
424,23696511,1624436544,abc061_b,abc061,aozorarb,C++ (GCC 9.2.1),200.0,307,AC,7.0
425,23760068,1624709018,abc207_a,abc207,aozorarb,Ruby (2.7.1),100.0,51,AC,63.0
426,23768828,1624709635,abc207_b,abc207,aozorarb,Ruby (2.7.1),200.0,268,AC,65.0
427,23794907,1624713694,abc065_b,abc065,aozorarb,Ruby (2.7.1),200.0,291,AC,97.0
428,23803051,1624716497,abc065_b,abc065,aozorarb,C++ (GCC 9.2.1),200.0,453,AC,35.0
429,23804768,1624718693,APG4b_ci,APG4b,aozorarb,C++ (GCC 9.2.1),100.0,241,AC,14.0
430,23813835,1624765115,utpc2011_11,utpc2011,aozorarb,Text (cat 8.28),100.0,1,AC,0.0
431,23813844,1624765161,arc026_4,arc026,aozorarb,Text (cat 8.28),100.0,3,AC,7.0
432,23931860,1625317771,abc085_b,abc085,aozorarb,Ruby (2.7.1),0.0,174,WA,64.0
433,23944064,1625386177,abc085_b,abc085,aozorarb,Ruby (2.7.1),200.0,163,AC,64.0
434,23944373,1625387030,abc085_b,abc085,aozorarb,Ruby (2.7.1),0.0,339,RE,64.0
435,23944384,1625387049,abc085_b,abc085,aozorarb,C++ (GCC 9.2.1),200.0,339,AC,8.0
436,23944649,1625387815,APG4b_ch,APG4b,aozorarb,C++ (GCC 9.2.1),100.0,1659,AC,5.0
437,23955090,1625400248,abc208_a,abc208,aozorarb,Ruby (2.7.1),0.0,92,WA,66.0
438,23957662,1625400367,abc208_a,abc208,aozorarb,Ruby (2.7.1),0.0,92,WA,62.0
439,23967588,1625401098,abc208_a,abc208,aozorarb,Ruby (2.7.1),0.0,104,WA,61.0
440,23968613,1625401208,abc208_a,abc208,aozorarb,C++ (GCC 9.2.1),0.0,151,WA,8.0
441,23970436,1625401422,abc208_a,abc208,aozorarb,C++ (GCC 9.2.1),0.0,150,WA,6.0
442,24013079,1625491545,abc208_a,abc208,aozorarb,Ruby (2.7.1),0.0,115,WA,62.0
443,24013122,1625491656,abc208_a,abc208,aozorarb,Ruby (2.7.1),100.0,101,AC,64.0
444,24013238,1625491908,abc143_a,abc143,aozorarb,Ruby (2.7.1),0.0,107,WA,60.0
445,24013284,1625492012,abc143_a,abc143,aozorarb,Ruby (2.7.1),100.0,108,AC,66.0
446,24013515,1625492635,abc002_1,abc002,aozorarb,Ruby (2.7.1),100.0,44,AC,67.0
447,24013584,1625492827,abc002_2,abc002,aozorarb,Ruby (2.7.1),100.0,33,AC,67.0
448,24059983,1625734951,APG4b_cg,APG4b,aozorarb,C++ (GCC 9.2.1),0.0,551,WA,6.0
449,24059993,1625735000,APG4b_cg,APG4b,aozorarb,C++ (GCC 9.2.1),100.0,553,AC,7.0
450,24060179,1625735706,APG4b_cf,APG4b,aozorarb,C++ (GCC 9.2.1),100.0,562,AC,7.0
451,24098850,1625913889,APG4b_ce,APG4b,aozorarb,C++ (GCC 9.2.1),100.0,654,AC,6.0
452,24100136,1625917528,APG4b_cd,APG4b,aozorarb,C++ (GCC 9.2.1),100.0,1705,AC,6.0
453,24108341,1625918592,abc209_a,abc209,aozorarb,Ruby (2.7.1),100.0,82,AC,64.0
454,24118422,1625919017,abc209_b,abc209,aozorarb,Ruby (2.7.1),0.0,251,WA,63.0
455,24121322,1625919261,abc209_b,abc209,aozorarb,Ruby (2.7.1),0.0,263,WA,59.0
456,24121472,1625919278,abc209_b,abc209,aozorarb,Ruby (2.7.1),200.0,251,AC,65.0
457,24251924,1626418467,APG4b_cb,APG4b,aozorarb,C++ (GCC 9.2.1),0.0,1380,TLE,2205.0
458,24252023,1626418766,APG4b_cb,APG4b,aozorarb,C++ (GCC 9.2.1),100.0,1380,AC,61.0
459,24273687,1626516170,abc079_b,abc079,aozorarb,C++ (GCC 9.2.1),0.0,491,TLE,2205.0
460,24284553,1626523509,abc210_a,abc210,aozorarb,Ruby (2.7.1),100.0,105,AC,61.0
461,24295319,1626524023,abc210_b,abc210,aozorarb,Ruby (2.7.1),0.0,167,WA,80.0
462,24301741,1626524624,abc210_b,abc210,aozorarb,Ruby (2.7.1),200.0,221,AC,84.0
463,24389449,1626682396,abc009_1,abc009,aozorarb,C (GCC 9.2.1),0.0,125,CE,
464,24389473,1626682479,abc009_1,abc009,aozorarb,C (GCC 9.2.1),0.0,124,CE,
465,24389479,1626682498,abc009_1,abc009,aozorarb,C (GCC 9.2.1),0.0,126,RE,116.0
466,24389493,1626682569,abc009_1,abc009,aozorarb,C (GCC 9.2.1),0.0,122,WA,7.0
467,24389552,1626682762,abc009_1,abc009,aozorarb,C++ (GCC 9.2.1),0.0,106,CE,
468,24389557,1626682784,abc009_1,abc009,aozorarb,C++ (GCC 9.2.1),0.0,111,CE,
469,24389567,1626682806,abc009_1,abc009,aozorarb,C++ (GCC 9.2.1),0.0,116,WA,8.0
470,24389699,1626683255,abc009_1,abc009,aozorarb,C++ (GCC 9.2.1),100.0,140,AC,6.0
471,24427650,1626868737,APG4b_ca,APG4b,aozorarb,C++ (GCC 9.2.1),100.0,391,AC,6.0
472,24493109,1627128665,abc211_a,abc211,aozorarb,C++ (GCC 9.2.1),0.0,212,CE,
473,24493514,1627128699,abc211_a,abc211,aozorarb,C++ (GCC 9.2.1),100.0,208,AC,5.0
474,24499689,1627129487,abc211_b,abc211,aozorarb,Ruby (2.7.1),200.0,415,AC,64.0
475,24555268,1627265337,abc001_1,abc001,aozorarb,Ruby (2.7.1),0.0,38,WA,61.0
476,24555279,1627265407,abc001_1,abc001,aozorarb,Ruby (2.7.1),100.0,38,AC,62.0
477,24558167,1627278603,abc001_1,abc001,aozorarb,Ruby (2.7.1),100.0,40,AC,64.0
478,24558461,1627279841,abc001_2,abc001,aozorarb,Ruby (2.7.1),100.0,252,AC,61.0
479,24598525,1627481086,abc001_3,abc001,aozorarb,Ruby (2.7.1),100.0,1088,AC,66.0
480,24648733,1627732992,abc212_a,abc212,aozorarb,Ruby (2.7.1),100.0,157,AC,61.0
481,24670724,1627734888,abc212_b,abc212,aozorarb,Ruby (2.7.1),0.0,417,WA,63.0
482,24671001,1627734929,abc212_b,abc212,aozorarb,Ruby (2.7.1),0.0,395,WA,69.0
483,24677019,1627735858,abc212_b,abc212,aozorarb,Ruby (2.7.1),0.0,451,WA,61.0
484,24677983,1627736024,abc212_b,abc212,aozorarb,Ruby (2.7.1),0.0,396,WA,64.0
485,24693721,1627740151,abc212_b,abc212,aozorarb,Ruby (2.7.1),0.0,194,WA,63.0
486,24694079,1627740458,abc212_b,abc212,aozorarb,Ruby (2.7.1),200.0,199,AC,57.0
487,24785536,1628137388,abc128_b,abc128,aozorarb,C++ (GCC 9.2.1),200.0,413,AC,6.0
488,24787828,1628146490,APG4b_bz,APG4b,aozorarb,C++ (GCC 9.2.1),100.0,546,AC,92.0
489,24789454,1628152568,APG4b_by,APG4b,aozorarb,Ruby (2.7.1),0.0,531,WA,60.0
490,24789549,1628152961,APG4b_by,APG4b,aozorarb,Ruby (2.7.1),0.0,527,WA,63.0
491,24863717,1628424722,abc213_a,abc213,aozorarb,Ruby (2.7.1),100.0,40,AC,63.0
492,24871038,1628425599,abc213_b,abc213,aozorarb,C++ (GCC 9.2.1),200.0,434,AC,82.0
493,24986600,1628821911,APG4b_by,APG4b,aozorarb,Ruby (2.7.1),0.0,587,WA,61.0
494,24986753,1628822566,APG4b_by,APG4b,aozorarb,Ruby (2.7.1),100.0,731,AC,61.0
495,24987305,1628824816,APG4b_by,APG4b,aozorarb,Ruby (2.7.1),100.0,756,AC,62.0
496,24987444,1628825451,APG4b_by,APG4b,aozorarb,C++ (GCC 9.2.1),0.0,2862,WA,8.0
497,24988008,1628827803,APG4b_by,APG4b,aozorarb,C++ (GCC 9.2.1),0.0,2785,WA,7.0
498,24988022,1628827880,APG4b_by,APG4b,aozorarb,C++ (GCC 9.2.1),0.0,2733,WA,9.0
499,25002870,1628896791,APG4b_by,APG4b,aozorarb,C++ (GCC 9.2.1),100.0,3311,AC,7.0
500,25021979,1628942608,abc214_a,abc214,aozorarb,Ruby (2.7.1),0.0,113,WA,68.0
501,25025683,1628942767,abc214_a,abc214,aozorarb,Ruby (2.7.1),100.0,109,AC,58.0
502,25034668,1628943660,abc214_b,abc214,aozorarb,Ruby (2.7.1),0.0,182,WA,106.0
503,25423137,1630239912,abc216_a,abc216,aozorarb,Ruby (2.7.1),100.0,170,AC,58.0
504,25429060,1630240783,abc216_b,abc216,aozorarb,Ruby (2.7.1),0.0,254,WA,62.0
505,25566470,1630757188,abc217_a,abc217,aozorarb,C++ (GCC 9.2.1),100.0,169,AC,6.0
506,25580779,1630758298,abc217_b,abc217,aozorarb,C++ (GCC 9.2.1),0.0,134,CE,
507,25580834,1630758304,abc217_b,abc217,aozorarb,Ruby (2.7.1),200.0,134,AC,59.0
508,25932536,1631967104,abc219_a,abc219,aozorarb,Ruby (2.7.1),100.0,207,AC,60.0
509,25938664,1631967855,abc219_b,abc219,aozorarb,Ruby (2.7.1),200.0,158,AC,64.0
510,26278604,1633176273,abc221_a,abc221,aozorarb,Ruby (2.7.1),100.0,53,AC,60.0
511,26299959,1633178186,abc221_b,abc221,aozorarb,C++ (GCC 9.2.1),0.0,398,WA,8.0
512,28097690,1640357560,practice_1,abs,aozorarb,C++ (GCC 9.2.1),0.0,160,WA,8.0
513,28097705,1640357626,practice_1,abs,aozorarb,C++ (GCC 9.2.1),0.0,177,WA,7.0
514,28097725,1640357732,practice_1,abs,aozorarb,C++ (GCC 9.2.1),0.0,184,WA,7.0
515,28097732,1640357753,practice_1,abs,aozorarb,C++ (GCC 9.2.1),100.0,182,AC,5.0
516,28097780,1640357947,abc086_a,abs,aozorarb,C++ (GCC 9.2.1),100.0,221,AC,7.0
517,28097847,1640358192,abc081_a,abs,aozorarb,Ruby (2.7.1),0.0,85,WA,59.0
518,28097862,1640358301,abc081_a,abs,aozorarb,Ruby (2.7.1),100.0,89,AC,62.0
519,28097984,1640358876,abc081_b,abs,aozorarb,C++ (GCC 9.2.1),200.0,405,AC,10.0
520,28098088,1640359361,abc087_b,abs,aozorarb,C++ (GCC 9.2.1),200.0,358,AC,6.0
521,28161835,1640494961,practice_1,abs,aozorarb,Ruby (2.7.1),100.0,105,AC,61.0
522,28161868,1640495112,abc086_a,abs,aozorarb,Ruby (2.7.1),100.0,90,AC,58.0
523,28161910,1640495271,abc081_a,abs,aozorarb,Ruby (2.7.1),100.0,85,AC,59.0
524,28162223,1640496337,abc081_b,abs,aozorarb,Ruby (2.7.1),200.0,264,AC,60.0
525,28162261,1640496506,abc087_b,abs,aozorarb,Ruby (2.7.1),0.0,238,WA,70.0
526,28162286,1640496563,abc087_b,abs,aozorarb,Ruby (2.7.1),200.0,250,AC,67.0
527,28162514,1640497393,abc083_b,abs,aozorarb,Ruby (2.7.1),0.0,431,WA,73.0
528,28164527,1640503547,abc083_b,abs,aozorarb,Ruby (2.7.1),0.0,366,WA,63.0
529,28164560,1640503625,abc083_b,abs,aozorarb,C++ (GCC 9.2.1),0.0,540,CE,
530,28164583,1640503673,abc083_b,abs,aozorarb,C++ (GCC 9.2.1),0.0,545,CE,
531,28164599,1640503714,abc083_b,abs,aozorarb,C++ (GCC 9.2.1),200.0,541,AC,8.0
532,28164641,1640503832,abc083_b,abs,aozorarb,Ruby (2.7.1),200.0,337,AC,64.0
533,28165128,1640505175,abc088_b,abs,aozorarb,Ruby (2.7.1),0.0,192,RE,62.0
534,28165187,1640505337,abc088_b,abs,aozorarb,Ruby (2.7.1),200.0,229,AC,60.0
535,28165954,1640507164,abc085_b,abs,aozorarb,Ruby (2.7.1),200.0,247,AC,59.0
536,28166160,1640507755,abc085_b,abs,aozorarb,Ruby (2.7.1),0.0,193,RE,66.0
537,28177406,1640525473,abc085_c,abs,aozorarb,Ruby (2.7.1),300.0,377,AC,210.0
538,28179515,1640527367,arc065_a,abs,aozorarb,Ruby (2.7.1),0.0,442,WA,66.0
539,28179562,1640527447,arc065_a,abs,aozorarb,Ruby (2.7.1),0.0,442,WA,60.0
540,28381052,1641643357,abc234_a,abc234,aozorarb,Ruby (2.7.1),100.0,86,AC,61.0
541,28407849,1641647005,abc234_b,abc234,aozorarb,Ruby (2.7.1),0.0,265,WA,60.0
542,28417125,1641649870,abc234_b,abc234,aozorarb,C++ (GCC 9.2.1),200.0,363,AC,4.0
543,28652397,1642690489,math_and_algorithm_a,math-and-algorithm,aozorarb,C (GCC 9.2.1),1000.0,120,AC,6.0
544,28872520,1643462612,arc134_a,arc134,aozorarb,Ruby (2.7.1),0.0,388,RE,2289.0
545,29521525,1645359495,abc240_a,abc240,aozorarb,Ruby (2.7.1),100.0,123,AC,58.0
546,29525645,1645360080,abc240_b,abc240,aozorarb,Ruby (2.7.1),200.0,137,AC,63.0
547,29666595,1645877125,abc241_a,abc241,aozorarb,Ruby (2.7.1),100.0,43,AC,59.0
548,29674665,1645877693,abc241_b,abc241,aozorarb,Ruby (2.7.1),0.0,281,WA,109.0
549,29689883,1645879603,abc241_b,abc241,aozorarb,Ruby (2.7.1),200.0,354,AC,72.0
550,29827224,1646310773,abc088_b,abs,aozorarb,Ruby (2.7.1),0.0,151,RE,61.0
551,29827244,1646310836,abc088_b,abs,aozorarb,Ruby (2.7.1),200.0,161,AC,61.0
552,29827320,1646311087,abc085_b,abs,aozorarb,Ruby (2.7.1),200.0,105,AC,66.0
553,29827611,1646312020,abc085_c,abs,aozorarb,C++ (GCC 9.2.1),0.0,506,WA,13.0
554,29827634,1646312065,abc085_c,abs,aozorarb,C++ (GCC 9.2.1),0.0,512,WA,12.0
555,29827666,1646312134,abc085_c,abs,aozorarb,C++ (GCC 9.2.1),300.0,785,AC,9.0
556,29886291,1646483805,abc242_a,abc242,aozorarb,C++ (GCC 9.2.1),100.0,254,AC,6.0
557,29889380,1646484547,abc242_b,abc242,aozorarb,C++ (GCC 9.2.1),200.0,157,AC,15.0
558,30555314,1648565772,codefestival_2016_qualB_b,code-festival-2016-qualb,aozorarb,Ruby (2.7.1),200.0,591,AC,109.0
559,31105435,1650381405,sumitb2019_b,sumitrust2019,aozorarb,Ruby (2.7.1),200.0,140,AC,60.0
560,31105568,1650381967,abc121_b,abc121,aozorarb,Ruby (2.7.1),200.0,226,AC,63.0
561,31105769,1650382878,panasonic2020_b,panasonic2020,aozorarb,Ruby (2.7.1),0.0,220,WA,2206.0
562,31211279,1650721758,panasonic2020_b,panasonic2020,aozorarb,Ruby (2.7.1),0.0,151,WA,56.0
563,31211496,1650721913,panasonic2020_b,panasonic2020,aozorarb,Ruby (2.7.1),0.0,180,WA,63.0
564,31211578,1650721973,panasonic2020_b,panasonic2020,aozorarb,Ruby (2.7.1),0.0,185,WA,59.0
565,31212105,1650722367,panasonic2020_b,panasonic2020,aozorarb,Ruby (2.7.1),200.0,143,AC,60.0
566,31472975,1651844316,abc156_c,abc156,aozorarb,Ruby (2.7.1),300.0,165,AC,61.0
567,31473598,1651846388,abc157_b,abc157,aozorarb,Ruby (2.7.1),0.0,704,WA,58.0
568,31473722,1651846721,abc157_b,abc157,aozorarb,Ruby (2.7.1),0.0,705,WA,61.0
569,31752347,1652716350,abc251_a,abc251,aozorarb,Ruby (2.7.1),100.0,94,AC,59.0
570,31784195,1652876921,abc002_1,abc002,aozorarb,C (GCC 9.2.1),100.0,151,AC,5.0
571,31784622,1652878189,abc250_a,abc250,aozorarb,C (GCC 9.2.1),0.0,232,CE,
572,31784641,1652878228,abc250_a,abc250,aozorarb,C (GCC 9.2.1),0.0,233,CE,
573,31784738,1652878491,abc250_a,abc250,aozorarb,C (GCC 9.2.1),100.0,234,AC,4.0
574,31801248,1652966225,abc163_a,abc163,aozorarb,C++ (GCC 9.2.1),0.0,107,CE,
575,31801283,1652966332,abc163_a,abc163,aozorarb,C++ (GCC 9.2.1),100.0,115,AC,9.0
576,31801604,1652967115,abc163_b,abc163,aozorarb,Ruby (2.7.1),200.0,129,AC,66.0
577,32381062,1654949554,abc255_a,abc255,aozorarb,C (GCC 9.2.1),0.0,137,CE,
578,32381111,1654949561,abc255_a,abc255,aozorarb,Ruby (2.7.1),100.0,137,AC,61.0
579,32723245,1656159892,abc257_a,abc257,aozorarb,Ruby (2.7.1),100.0,105,AC,67.0
580,32890630,1656763464,abc258_a,abc258,aozorarb,Ruby (2.7.1),100.0,88,AC,61.0
581,35794479,1666194262,abc178_a,abc178,aozorarb,C++ (GCC 9.2.1),100.0,155,AC,7.0
582,36099914,1667129139,past202012_a,past202012-open,aozorarb,C++ (GCC 9.2.1),9.0,266,AC,7.0
583,36102093,1667136008,past202012_b,past202012-open,aozorarb,C++ (GCC 9.2.1),8.0,272,AC,4.0
584,36103654,1667140961,past202012_c,past202012-open,aozorarb,C++ (GCC 9.2.1),8.0,494,AC,7.0
585,36229438,1667650025,abc276_a,abc276,aozorarb,C++ (GCC 9.2.1),100.0,207,AC,9.0
586,36258218,1667655024,abc276_b,abc276,aozorarb,Ruby (2.7.1),0.0,643,RE,323.0
587,36260151,1667655418,abc276_b,abc276,aozorarb,Ruby (2.7.1),200.0,643,AC,357.0
588,36413069,1668254801,abc277_a,abc277,aozorarb,C++ (GCC 9.2.1),100.0,256,AC,5.0
589,36423742,1668255868,abc277_b,abc277,aozorarb,C++ (GCC 9.2.1),200.0,798,AC,6.0
590,36605142,1668859700,abc278_a,abc278,aozorarb,C++ (GCC 9.2.1),100.0,369,AC,8.0
591,36623950,1668861713,abc278_b,abc278,aozorarb,Ruby (2.7.1),200.0,571,AC,56.0
592,36634861,1668863553,abc278_c,abc278,aozorarb,Ruby (2.7.1),0.0,535,TLE,2219.0
593,36720636,1669120527,abc042_a,abc042,aozorarb,C++ (GCC 9.2.1),100.0,643,AC,4.0
594,36721284,1669122494,abc251_a,abc251,aozorarb,Ruby (2.7.1),100.0,125,AC,56.0
595,36794379,1669464117,abc279_a,abc279,aozorarb,Ruby (2.7.1),100.0,165,AC,63.0
596,36804843,1669464822,abc279_b,abc279,aozorarb,Ruby (2.7.1),0.0,316,WA,58.0
597,36839618,1669520202,abc279_b,abc279,aozorarb,Ruby (2.7.1),0.0,323,WA,61.0
598,36839930,1669521453,abc279_b,abc279,aozorarb,Ruby (2.7.1),200.0,493,AC,61.0
599,36952414,1670069009,abc280_a,abc280,aozorarb,Ruby (2.7.1),100.0,204,AC,59.0
600,36970989,1670070166,abc280_b,abc280,aozorarb,Ruby (2.7.1),200.0,257,AC,81.0
601,36974647,1670070602,abc280_c,abc280,aozorarb,Ruby (2.7.1),0.0,172,WA,163.0
602,36975706,1670070738,abc280_c,abc280,aozorarb,Ruby (2.7.1),300.0,180,AC,169.0
603,36987383,1670072839,abc280_d,abc280,aozorarb,Ruby (2.7.1),0.0,259,WA,2206.0
604,37139482,1670673739,abc281_a,abc281,aozorarb,Ruby (2.7.1),100.0,100,AC,60.0
605,37172245,1670677304,abc281_b,abc281,aozorarb,Ruby (2.7.1),200.0,174,AC,58.0
606,37175912,1670678082,abc281_c,abc281,aozorarb,Ruby (2.7.1),300.0,365,AC,101.0
607,37335752,1671279389,abc282_a,abc282,aozorarb,C++ (GCC 9.2.1),100.0,166,AC,7.0
608,37354699,1671283708,abc282_b,abc282,aozorarb,Ruby (2.7.1),200.0,450,AC,67.0
609,37358719,1671284745,abc282_c,abc282,aozorarb,Ruby (2.7.1),300.0,341,AC,129.0
610,37489385,1671883524,abc283_a,abc283,aozorarb,Ruby (2.7.1),100.0,97,AC,68.0
611,37496635,1671884021,abc283_b,abc283,aozorarb,Ruby (2.7.1),200.0,235,AC,208.0
612,37506673,1671885481,abc283_c,abc283,aozorarb,Ruby (2.7.1),0.0,253,WA,83.0
613,37511423,1671886527,abc283_c,abc283,aozorarb,Ruby (2.7.1),300.0,276,AC,87.0
614,37523221,1671890265,abc283_d,abc283,aozorarb,Ruby (2.7.1),0.0,718,TLE,2207.0
615,37791673,1673092872,abc284_a,abc284,aozorarb,Ruby (2.7.1),100.0,142,AC,61.0
616,37801202,1673093099,abc284_b,abc284,aozorarb,Ruby (2.7.1),200.0,216,AC,61.0
617,37828498,1673095776,abc284_c,abc284,aozorarb,Ruby (2.7.1),0.0,477,WA,64.0
618,38059600,1673786094,abc285_a,abc285,aozorarb,C++ (GCC 9.2.1),100.0,1125,AC,4.0
619,38213878,1674305358,abc286_a,abc286,aozorarb,C++ (GCC 9.2.1),100.0,416,AC,12.0
620,38215801,1674305796,abc286_b,abc286,aozorarb,C++ (GCC 9.2.1),200.0,382,AC,7.0
621,38406504,1674910063,abc157_b,abc157,aozorarb,C++ (GCC 9.2.1),0.0,1068,WA,8.0
622,38626441,1675521178,abc288_a,abc288,aozorarb,C++ (GCC 9.2.1),100.0,174,AC,10.0
623,38626588,1675521467,abc288_b,abc288,aozorarb,C++ (GCC 9.2.1),200.0,340,AC,8.0
624,38783652,1676116992,abc289_a,abc289,aozorarb,Ruby (2.7.1),100.0,153,AC,58.0
625,39124706,1677127592,abc290_a,abc290,aozorarb,Ruby (2.7.1),100.0,139,AC,59.0
626,39354207,1677750456,abc045_a,abc045,aozorarb,C++ (GCC 9.2.1),100.0,501,AC,7.0
627,39359127,1677763438,abc045_b,abc045,aozorarb,C++ (GCC 9.2.1),200.0,729,AC,8.0
628,39403517,1677931267,abc292_a,abc292,aozorarb,Ruby (2.7.1),100.0,84,AC,84.0
629,39412445,1677931626,abc292_b,abc292,aozorarb,Ruby (2.7.1),200.0,325,AC,60.0
630,39446898,1677939029,abc157_b,abc157,aozorarb,C++ (GCC 9.2.1),0.0,1089,WA,5.0
631,39449020,1677941796,abc157_b,abc157,aozorarb,C++ (GCC 9.2.1),0.0,1454,WA,7.0
632,39449331,1677942342,abc157_b,abc157,aozorarb,C++ (GCC 9.2.1),200.0,1456,AC,10.0
633,39450634,1677945576,abc068_b,abc068,aozorarb,C++ (GCC 9.2.1),0.0,452,WA,9.0
634,39450994,1677946677,abc068_b,abc068,aozorarb,C++ (GCC 9.2.1),200.0,467,AC,7.0
635,39451430,1677948250,agc014_a,agc014,aozorarb,C++ (GCC 9.2.1),0.0,360,WA,6.0
636,39509998,1678179618,agc014_a,agc014,aozorarb,C++ (GCC 9.2.1),300.0,369,AC,6.0
637,39513544,1678190027,abc142_c,abc142,aozorarb,C++ (GCC 9.2.1),300.0,267,AC,80.0
638,39513816,1678190570,abc161_c,abc161,aozorarb,C++ (GCC 9.2.1),0.0,256,TLE,2205.0
639,39514510,1678191724,abc161_c,abc161,aozorarb,C++ (GCC 9.2.1),300.0,253,AC,6.0
640,39519827,1678203273,abc138_c,abc138,aozorarb,C++ (GCC 9.2.1),0.0,487,WA,7.0
641,39519902,1678203517,abc138_c,abc138,aozorarb,C++ (GCC 9.2.1),300.0,493,AC,8.0
642,39520083,1678204264,abc132_c,abc132,aozorarb,C++ (GCC 9.2.1),300.0,319,AC,40.0
643,39530216,1678258429,abc071_b,abc071,aozorarb,C++ (GCC 9.2.1),200.0,356,AC,12.0
644,39530462,1678259247,abc139_c,abc139,aozorarb,C++ (GCC 9.2.1),300.0,391,AC,39.0
645,39533475,1678267376,abc122_b,abc122,aozorarb,C++ (GCC 9.2.1),0.0,372,WA,6.0
